seed,step,ham_type,n_qubits,reps,eta_0,lambda_reg,tau,energy,gnorm,phase,cusum_alarm_frac,welford_mean,js_mean,ema_mean,momentum_norm,curvature_gamma,n_circuits_step,escaped,escape_mode,restarted,final_gap,n_steps_total
0,1,tfim,12,2,0.05,0.01,1.0,-10.730083535714538,3.326423931853066,active,0.0,0.0,0.0001,0.0,3.326423931853066,4.999995000005001,49,False,,False,0.170310900139512,200
0,2,tfim,12,2,0.05,0.01,1.0,-11.202045638406512,2.4016546393619294,active,0.0,0.027978876508280775,0.02797887651277829,0.01873653085918991,2.7899941457161397,0.4101200702494304,49,False,,False,0.170310900139512,200
0,3,tfim,12,2,0.05,0.01,1.0,-11.479015240150286,1.7672872090238307,active,0.0,0.0457449723808391,0.04574497238417171,0.024787866419677757,2.3149054471640502,0.2590943415531652,49,False,,False,0.170310900139512,200
0,4,tfim,12,2,0.05,0.01,1.0,-11.638893120233579,1.4241204096604763,active,0.0,0.06049200040638234,0.06049200040918021,0.026576972572725024,1.920922239691084,0.19843788772008555,49,False,,False,0.170310900139512,200
0,5,tfim,12,2,0.05,0.01,1.0,-11.736125651897385,1.2673708525325973,active,0.0,0.07064675787514844,0.07064675787766972,0.027201549314578966,1.61268864934,0.17088931807630495,49,False,,False,0.170310900139512,200
0,6,tfim,12,2,0.05,0.01,1.0,-11.802398567980962,1.1726332394916315,active,0.0,0.07629335228744637,0.07629335228981744,0.02736065028655132,1.3811198814119283,0.15864281999059576,49,False,,False,0.170310900139512,200
0,7,tfim,12,2,0.05,0.01,1.0,-11.853109992402578,1.0762442927274716,active,0.0,0.07838537397295244,0.07838537397523221,0.027071173065747925,1.2082940304719219,0.15453967756680867,49,False,,False,0.170310900139512,200
0,8,tfim,12,2,0.05,0.01,1.0,-11.894451271006613,0.9694576835545988,active,0.0,0.07809929954105437,0.0780992995432589,0.0263596536045838,1.0748138572210137,0.1550881916276763,49,False,,False,0.170310900139512,200
0,9,tfim,12,2,0.05,0.01,1.0,-11.928658446616689,0.8669832041318989,active,0.0,0.07645008971956918,0.07645008972169015,0.025376481166909645,0.9659684561098593,0.15832787079255184,49,False,,False,0.170310900139512,200
0,10,tfim,12,2,0.05,0.01,1.0,-11.956936819938697,0.7846478966199782,active,0.0,0.07414118374942692,0.07414118375145014,0.02430106854573852,0.8738404500405993,0.16309768430930918,49,False,,False,0.170310900139512,200
0,11,tfim,12,2,0.05,0.01,1.0,-11.980542475581794,0.7271364121223313,active,0.0,0.07157147501008722,0.07157147501200545,0.023244817861620203,0.7957397134427658,0.16875591550469238,49,False,,False,0.170310900139512,200
0,12,tfim,12,2,0.05,0.01,1.0,-12.000809314874918,0.6862344395676641,active,0.0,0.06891966369692122,0.06891966369873714,0.022223243534784692,0.7310731642402954,0.17502182053798024,49,False,,False,0.170310900139512,200
0,13,tfim,12,2,0.05,0.01,1.0,-12.018822569290483,0.6482885981851219,active,0.0,0.06624437654206157,0.06624437654378466,0.021188340122217264,0.6786013466093209,0.1818330483769708,49,False,,False,0.170310900139512,200
0,14,tfim,12,2,0.05,0.01,1.0,-12.035176810960037,0.6028163893058969,active,0.0,0.06356318055522618,0.06356318055686845,0.020082700885143735,0.6352786349078524,0.18921280237966281,49,False,,False,0.170310900139512,200
0,15,tfim,12,2,0.05,0.01,1.0,-12.049975408375653,0.5462269838137993,active,0.0,0.06089690801738096,0.06089690801895422,0.01888099160909405,0.5968436784642797,0.19717049140072826,49,False,,False,0.170310900139512,200
0,16,tfim,12,2,0.05,0.01,1.0,-12.063026099288676,0.4813212545257476,active,0.0,0.058282540006849404,0.0582825400083638,0.017603132632709087,0.5592984684479214,0.2056511538422634,49,False,,False,0.170310900139512,200
0,17,tfim,12,2,0.05,0.01,1.0,-12.074098762095826,0.415124570551093,active,0.0,0.05576643532054567,0.055766435322009346,0.01630208587623407,0.5201550699470874,0.21453173503584771,49,False,,False,0.170310900139512,200
0,18,tfim,12,2,0.05,0.01,1.0,-12.083120729986394,0.35627477528118456,active,0.0,0.05339086704086293,0.05339086704228202,0.015039527980787892,0.4788904419776873,0.2236501257304827,49,False,,False,0.170310900139512,200
0,19,tfim,12,2,0.05,0.01,1.0,-12.090248134022872,0.31192738190974284,active,0.0,0.051183259298035876,0.05118325929941486,0.013863585553329665,0.4366716080695596,0.23284725222224373,49,False,,False,0.170310900139512,200
0,20,tfim,12,2,0.05,0.01,1.0,-12.095821482505839,0.28435627070558545,active,0.0,0.04915226319379292,0.04915226319513519,0.012797304995692422,0.3956510666709205,0.24200293698834072,49,False,,False,0.170310900139512,200
0,21,tfim,12,2,0.05,0.01,1.0,-12.10025778181584,0.269605473447035,active,0.0,0.047290323400408125,0.047290323401716274,0.011839243764305596,0.3581089416656987,0.25105278533430003,49,False,,False,0.170310900139512,200
0,22,tfim,12,2,0.05,0.01,1.0,-12.103940021070654,0.2604123490624383,active,0.0,0.04557992125457849,0.04557992125585477,0.01097220037492983,0.3256658259633439,0.2599837733480113,49,False,,False,0.170310900139512,200
0,23,tfim,12,2,0.05,0.01,1.0,-12.107146219455204,0.2505972632719985,active,0.0,0.04400029164090269,0.04400029164214913,0.010174209376925503,0.2987896793233283,0.2688155038788179,49,False,,False,0.170310900139512,200
0,24,tfim,12,2,0.05,0.01,1.0,-12.110031262044737,0.23709459513168157,active,0.0,0.04253238602707198,0.04253238602829043,0.009427056360903423,0.27678166374176216,0.2775779923928622,49,False,,False,0.170310900139512,200
0,25,tfim,12,2,0.05,0.01,1.0,-12.112650579675389,0.21966272714928345,active,0.0,0.04116127277963124,0.0411612727808234,0.008720174245777116,0.25822598272571545,0.2862948899211717,49,False,,False,0.170310900139512,200
0,26,tfim,12,2,0.05,0.01,1.0,-12.11500319663901,0.19979149268104668,active,0.0,0.03987632390834938,0.039876323909516724,0.008050285154318803,0.24162391364620767,0.2949760174949269,49,False,,False,0.170310900139512,200
0,27,tfim,12,2,0.05,0.01,1.0,-12.117072754289943,0.17961392551523347,active,0.0,0.038670115853080396,0.03867011585422419,0.007418596990670097,0.22587167854692772,0.30361826732676217,49,False,,False,0.170310900139512,200
0,28,tfim,12,2,0.05,0.01,1.0,-12.118853816867865,0.16103669924446515,active,0.0,0.03753699531602867,0.03753699531714997,0.006827573382263259,0.21042856705734944,0.3122112216664674,49,False,,False,0.170310900139512,200
0,29,tfim,12,2,0.05,0.01,1.0,-12.120360918201765,0.14516552473405775,active,0.0,0.036471947174460596,0.0364719471755603,0.006278651200694498,0.19523093779082618,0.32074351179283184,49,False,,False,0.170310900139512,200
0,30,tfim,12,2,0.05,0.01,1.0,-12.121624971043031,0.13212830202789494,active,0.0,0.03547000234408476,0.03547000234516365,0.005771359595830943,0.18048859436889583,0.3292072268973476,49,False,,False,0.170310900139512,200
0,31,tfim,12,2,0.05,0.01,1.0,-12.122684236792539,0.12133120051217382,active,0.0,0.03452611864527065,0.03452611864632943,0.005303567474166995,0.1664803589193578,0.3375995003893792,49,False,,False,0.170310900139512,200
0,32,tfim,12,2,0.05,0.01,1.0,-12.12357586128994,0.11195956665275528,active,0.0,0.03363532706049028,0.033635327061529614,0.004872264264206777,0.15341567085295094,0.3459218485630549,49,False,,False,0.170310900139512,200
0,33,tfim,12,2,0.05,0.01,1.0,-12.124331012192362,0.10340040600745701,active,0.0,0.032792938322144666,0.03279293832316521,0.004474327592519239,0.14138199165540563,0.3541784761715532,49,False,,False,0.170310900139512,200
0,34,tfim,12,2,0.05,0.01,1.0,-12.124973812142652,0.09539548038464107,active,0.0,0.03199468463554538,0.031994684636547754,0.004106979794056176,0.1303616335715871,0.36237464485130105,49,False,,False,0.170310900139512,200
0,35,tfim,12,2,0.05,0.01,1.0,-12.125522630390062,0.08795616301590774,active,0.0,0.031236761959216663,0.03123676196020145,0.003767898425935133,0.12028142500970998,0.37051567334238195,49,False,,False,0.170310900139512,200
0,36,tfim,12,2,0.05,0.01,1.0,-12.125992013942712,0.0811777919088638,active,0.0,0.03051579855600588,0.030515798556973662,0.0034551082394203123,0.1110586078698172,0.3786065944241609,49,False,,False,0.170310900139512,200
0,37,tfim,12,2,0.05,0.01,1.0,-12.126394128381882,0.07508304152290993,active,0.0,0.029828795046013008,0.02982879504696434,0.0031668174241641,0.1026225721761534,0.38665217851697,49,False,,False,0.170310900139512,200
0,38,tfim,12,2,0.05,0.01,1.0,-12.126739393448023,0.06956748990897951,active,0.0,0.029173070913683014,0.029173070914618418,0.0029013083020399664,0.09491251545046464,0.39465699576220803,49,False,,False,0.170310900139512,200
0,39,tfim,12,2,0.05,0.01,1.0,-12.12703657243063,0.06444900077235334,active,0.0,0.028546230857923505,0.028546230858843506,0.0026569130381790106,0.08786442923635232,0.40262533157858255,49,False,,False,0.170310900139512,200
0,40,tfim,12,2,0.05,0.01,1.0,-12.127292747471557,0.059564959822994784,active,0.0,0.02794614655575046,0.02794614655665556,0.002432046079159892,0.0814025365869847,0.41056095393578473,49,False,,False,0.170310900139512,200
0,41,tfim,12,2,0.05,0.01,1.0,-12.123154054192229,0.17279205613089602,local_min,0.0,0.027452518745099876,0.027452518745997634,0.00240460046420142,0.061409316676595146,0.4173271390983474,49,False,,False,0.170310900139512,200
0,42,tfim,12,2,0.05,0.01,1.0,-12.118171968456727,0.23610163686311786,local_min,0.0,0.027023877522495826,0.027023877523390152,0.002473934904831173,0.05583581767484695,0.42338608578803266,49,False,,False,0.170310900139512,200
0,43,tfim,12,2,0.05,0.01,1.0,-12.118003042905405,0.2980979054556037,local_min,0.0,0.02665372179192724,0.02665372179282181,0.0026320853979549495,0.061561196049232145,0.4287616866659225,49,False,,False,0.170310900139512,200
0,44,tfim,12,2,0.05,0.01,1.0,-12.118648373656141,0.4020240639084713,local_min,0.0,0.026344674242528638,0.026344674243427513,0.002998261330199488,0.07277557384715803,0.43335552384852977,49,False,,False,0.170310900139512,200
0,45,tfim,12,2,0.05,0.01,1.0,-12.125155557152247,0.34782374412718287,local_min,0.0,0.026001014132068147,0.02600101413296706,0.003175564206656724,0.06475246645036052,0.438580846478842,49,False,,False,0.170310900139512,200
0,46,tfim,12,2,0.05,0.01,1.0,-12.133139442031307,0.1679606679900537,local_min,0.0,0.025567529671228693,0.025567529672118394,0.0029692223562034804,0.07013947209881281,0.4453544374240864,49,False,,False,0.170310900139512,200
0,47,tfim,12,2,0.05,0.01,1.0,-12.132809418645653,0.3167257423086016,local_min,0.0,0.025202532212258322,0.025202532213143922,0.0030291722158344203,0.07575874242811204,0.4512222484272811,49,False,,False,0.170310900139512,200
0,48,tfim,12,2,0.05,0.01,1.0,-12.140953366852566,0.19314812922382482,active,0.0,0.024786078550866897,0.024786078551742818,0.0028644845707165075,0.06830942928504867,0.4581090255026882,49,False,,False,0.170310900139512,200
0,49,tfim,12,2,0.05,0.01,1.0,-12.145071132404492,0.24760250792503963,active,0.0,0.024394516577780124,0.024394516578647756,0.0027850714592961346,0.07535368835739498,0.464778714348803,49,False,,False,0.170310900139512,200
0,50,tfim,12,2,0.05,0.01,1.0,-12.151042057745947,0.2209914443661229,active,0.0,0.02399551096625933,0.02399551096711706,0.002675133992713343,0.0735199501272418,0.4717779867115279,49,False,,False,0.170310900139512,200
0,51,tfim,12,2,0.05,0.01,1.0,-12.158620357974009,0.20729842046002536,active,0.0,0.023606783349270355,0.023606783350118028,0.0025403177433713027,0.08314102458444274,0.478802717123807,49,False,,False,0.170310900139512,200
0,52,tfim,12,2,0.05,0.01,1.0,-12.167994933268217,0.1693576904615403,active,0.0,0.023224163612285787,0.02322416361312289,0.00237348189936371,0.08477076028743179,0.4859244006370352,49,False,,False,0.170310900139512,200
0,53,tfim,12,2,0.05,0.01,1.0,-12.176597138579549,0.12992749436242315,active,0.0,0.022850207231086817,0.022850207231913198,0.00217871337627696,0.08806969483140525,0.49309256738303525,49,False,,False,0.170310900139512,200
0,54,tfim,12,2,0.05,0.01,1.0,-12.183295075006786,0.14496403535376678,active,0.0,0.022496455722684296,0.022496455723500983,0.002032037158127431,0.08352030339633888,0.5000708455830853,49,False,,False,0.170310900139512,200
0,55,tfim,12,2,0.05,0.01,1.0,-12.189409478154209,0.09152747700724219,active,0.0,0.022145627712111232,0.02214562771291782,0.0018613328944607956,0.07796335564890744,0.5071893026236073,49,False,,False,0.170310900139512,200
0,56,tfim,12,2,0.05,0.01,1.0,-12.192326012013353,0.12517549012753973,active,0.0,0.02181226023078035,0.021812260231577823,0.0017466313490171921,0.06724989862483996,0.514143835085102,49,False,,False,0.170310900139512,200
0,57,tfim,12,2,0.05,0.01,1.0,-12.193743732018806,0.08987879836798054,active,0.0,0.021481492059383517,0.021481492060171498,0.0016264972409941174,0.052959713111226644,0.5212352369885547,49,False,,False,0.170310900139512,200
0,58,tfim,12,2,0.05,0.01,1.0,-12.19302856832366,0.11629380045233847,active,0.0,0.021162809553445915,0.02116280955422488,0.0015430455840097787,0.036893152377694305,0.5282550515030474,49,False,,False,0.170310900139512,200
0,59,tfim,12,2,0.05,0.01,1.0,-12.192153656301535,0.09325421890158421,active,0.0,0.020848461666430812,0.02084846166720054,0.0014507496042193233,0.02052573655291544,0.5353671192631094,49,False,,False,0.170310900139512,200
0,60,tfim,12,2,0.05,0.01,1.0,-12.191083858702878,0.10930507242510647,active,0.0,0.02054576406447573,0.02054576406523666,0.0013735426043133363,0.015491225808725109,0.5423989679418314,49,False,,False,0.170310900139512,200
0,61,tfim,12,2,0.05,0.01,1.0,-12.191081285438981,0.08791190836151239,active,0.0,0.020247403715962974,0.020247403716714858,0.0012827772254606273,0.017943823154449312,0.549513200816194,49,False,,False,0.170310900139512,200
0,62,tfim,12,2,0.05,0.01,1.0,-12.191616842313225,0.07445670176560423,active,0.0,0.01995623485336824,0.019956234854111136,0.001186304887665141,0.02496449592651527,0.556638220522064,49,False,,False,0.170310900139512,200
0,63,tfim,12,2,0.05,0.01,1.0,-12.192408970693732,0.06511843285501832,active,0.0,0.019672822161632443,0.019672822162366488,0.0010913040592429157,0.02687651796061051,0.5637531613926409,49,False,,False,0.170310900139512,200
0,64,tfim,12,2,0.05,0.01,1.0,-12.193346687891532,0.040710879210513036,active,0.0,0.019396475094101112,0.019396475094826376,0.000993899813392328,0.026188953282605697,0.5708680743868817,49,False,,False,0.170310900139512,200
0,65,tfim,12,2,0.05,0.01,1.0,-12.194009517284508,0.044231335223842524,active,0.0,0.01912900364189794,0.01912900364261468,0.0009065137654038694,0.022583796874868264,0.5779276180326208,49,False,,False,0.170310900139512,200
0,66,tfim,12,2,0.05,0.01,1.0,-12.194477871755561,0.025021815526549022,active,0.0,0.018868922710869793,0.018868922711578206,0.0008224941474238657,0.017553256016762536,0.5849615681017776,49,False,,False,0.170310900139512,200
0,67,tfim,12,2,0.05,0.01,1.0,-12.194609298959477,0.04023095024162595,active,0.0,0.01861643177239377,0.01861643177309409,0.000749702140510467,0.013391033163996523,0.5919560016030583,49,False,,False,0.170310900139512,200
0,68,tfim,12,2,0.05,0.01,1.0,-12.194715954689611,0.03679969488614483,active,0.0,0.018370245712907643,0.01837024571360001,0.0006827310715249784,0.010278321390893033,0.5989387319442188,49,False,,False,0.170310900139512,200
0,69,tfim,12,2,0.05,0.01,1.0,-12.19479267544854,0.03672261916403714,local_min,0.0,0.01812971950850982,0.018129719509194325,0.0006217209220280496,0.010437397784933147,0.6059218827497392,49,False,,False,0.170310900139512,200
0,70,tfim,12,2,0.05,0.01,1.0,-12.194841493029442,0.047542212908695064,local_min,0.0,0.017895579603871024,0.017895579604547875,0.0005697287541228427,0.011518198156634974,0.6128778250279768,49,False,,False,0.170310900139512,200
0,71,tfim,12,2,0.05,0.01,1.0,-12.194927802808937,0.05944522637267309,local_min,0.0,0.017667378701739567,0.017667378702408938,0.0005271851442922021,0.01341299550018922,0.6198127498537984,49,False,,False,0.170310900139512,200
0,72,tfim,12,2,0.05,0.01,1.0,-12.194919339401226,0.09092494188817371,local_min,0.0,0.01744764188326747,0.017447641883929825,0.0005054297844147545,0.01650899452573155,0.6266404072495538,49,False,,False,0.170310900139512,200
0,73,tfim,12,2,0.05,0.01,1.0,-12.194678473374086,0.14040552873729517,local_min,0.0,0.017239213945878,0.017239213946534108,0.0005261476592226051,0.02176199371785728,0.6332571525457024,49,False,,False,0.170310900139512,200
0,74,tfim,12,2,0.05,0.01,1.0,-12.193911997092153,0.2109809929695857,local_min,0.0,0.017050912701235026,0.01705091270188656,0.0006322872537088771,0.029822279750228796,0.6393562588420608,49,False,,False,0.170310900139512,200
0,75,tfim,12,2,0.05,0.01,1.0,-12.192958666722154,0.2732024732444177,local_min,0.0,0.016882773178185997,0.0168827731788346,0.0008370884675823702,0.0349594253650804,0.6449024746268878,49,False,,False,0.170310900139512,200
0,76,tfim,12,2,0.05,0.01,1.0,-12.193854383873903,0.24994305136311012,local_min,0.0,0.0167135651775429,0.01671356517818805,0.0009847388942655477,0.026552479659494525,0.6505819330269509,49,False,,False,0.170310900139512,200
0,77,tfim,12,2,0.05,0.01,1.0,-12.196497452962753,0.10334105941274112,local_min,0.0,0.016519281798627366,0.016519281799266202,0.0009326917995007208,0.011583926105041628,0.657227675013099,49,False,,False,0.170310900139512,200
0,78,tfim,12,2,0.05,0.01,1.0,-12.197169782259916,0.08334318430896678,local_min,0.0,0.016327729133472333,0.016327729134104792,0.0008659609282939453,0.021571284142939427,0.6639142857643691,49,False,,False,0.170310900139512,200
0,79,tfim,12,2,0.05,0.01,1.0,-12.196777441288962,0.17363793190383975,local_min,0.0,0.016153900159167758,0.016153900159795277,0.0008899684395991332,0.025056967973068372,0.6701010629460253,49,False,,False,0.170310900139512,200
0,80,tfim,12,2,0.05,0.01,1.0,-12.198121519049895,0.1233793277840412,local_min,0.0,0.015975613077380133,0.015975613078001955,0.0008615191577225224,0.016562704010604726,0.6765674435932661,49,False,,False,0.170310900139512,200
0,81,tfim,12,2,0.05,0.01,1.0,-12.199594984420495,0.02447115984261997,local_min,0.0,0.015793970701635286,0.01579397070225078,0.0007802648284977623,0.017932488817534672,0.6832851378006084,49,False,,False,0.170310900139512,200
0,82,tfim,12,2,0.05,0.01,1.0,-12.200101636847654,0.11100398047585981,local_min,0.0,0.015622655886513417,0.015622655887123324,0.0007476407350442697,0.02288835364041898,0.6897442821800523,49,False,,False,0.170310900139512,200
0,83,tfim,12,2,0.05,0.01,1.0,-12.201392574598753,0.10322224285048419,local_min,0.0,0.015453787034493162,0.015453787035097455,0.0007140801212205387,0.020403871818905902,0.6962318443125761,49,False,,False,0.170310900139512,200
0,84,tfim,12,2,0.05,0.01,1.0,-12.203290414780815,0.031191332966133536,local_min,0.0,0.015283937762472173,0.01528393776307048,0.0006476927673572055,0.020922828644459032,0.7028813533735048,49,False,,False,0.170310900139512,200
0,85,tfim,12,2,0.05,0.01,1.0,-12.20487432874129,0.07374362912394827,local_min,0.0,0.01512005982433287,0.015120059824925527,0.0006022247339630298,0.024955984344903644,0.7094186030623633,49,False,,False,0.170310900139512,200
0,86,tfim,12,2,0.05,0.01,1.0,-12.20696167754125,0.08239720907994225,local_min,0.0,0.014960093864309831,0.014960093864896969,0.0005664315967724318,0.02602052131758863,0.7159181564170082,49,False,,False,0.170310900139512,200
0,87,tfim,12,2,0.05,0.01,1.0,-12.209770446774147,0.04317225610019774,active,0.0,0.01480135097215019,0.014801350972731685,0.00051544789208776,0.02789059430482141,0.7224868285663965,49,False,,False,0.170310900139512,200
0,88,tfim,12,2,0.05,0.01,1.0,-12.212800233277445,0.05951397992985219,active,0.0,0.014646846568963747,0.014646846569539776,0.0004738463901359233,0.03168105627368749,0.7289969107283585,49,False,,False,0.170310900139512,200
0,89,tfim,12,2,0.05,0.01,1.0,-12.216428395079994,0.07145317893856046,active,0.0,0.01449624585018631,0.014496245850757017,0.0004411866428133934,0.034713533166536824,0.7354564220558109,49,False,,False,0.170310900139512,200
0,90,tfim,12,2,0.05,0.01,1.0,-12.220863427043298,0.05574796944411303,active,0.0,0.014348075250232038,0.014348075250797421,0.00040316785622365937,0.03808676282992001,0.741924401424836,49,False,,False,0.170310900139512,200
0,91,tfim,12,2,0.05,0.01,1.0,-12.225784300615596,0.06456316490793572,active,0.0,0.014203585274090427,0.014203585274650612,0.00037082794334184936,0.04233838015366148,0.7483422225846131,49,False,,False,0.170310900139512,200
0,92,tfim,12,2,0.05,0.01,1.0,-12.231195037332057,0.07326161678769968,active,0.0,0.014062618825713039,0.014062618826268131,0.000344662374989172,0.04628905474321532,0.7547114526245962,49,False,,False,0.170310900139512,200
0,93,tfim,12,2,0.05,0.01,1.0,-12.236898566907692,0.06883393220083814,active,0.0,0.013924417374756493,0.01392441737530653,0.00031757742238715817,0.050057162525693755,0.7610618880495056,49,False,,False,0.170310900139512,200
0,94,tfim,12,2,0.05,0.01,1.0,-12.242334804908168,0.0749230440812562,active,0.0,0.013789506213315691,0.013789506213860764,0.00029529474264166033,0.053700901493598054,0.7673650703647069,49,False,,False,0.170310900139512,200
0,95,tfim,12,2,0.05,0.01,1.0,-12.24728532919792,0.08023554618271699,active,0.0,0.013657651471847282,0.013657651472387474,0.0002777382919574345,0.05684754654483985,0.7736271628158214,49,False,,False,0.170310900139512,200
0,96,tfim,12,2,0.05,0.01,1.0,-12.251917338703477,0.08146321783398759,active,0.0,0.013528548918241444,0.013528548918776834,0.0002618453223244749,0.05999353589252696,0.7798583710923658,49,False,,False,0.170310900139512,200
0,97,tfim,12,2,0.05,0.01,1.0,-12.256757748246507,0.08685603150205351,active,0.0,0.013402342155531,0.01340234215606168,0.00024908662769934945,0.06354288216812193,0.7860476093789334,49,False,,False,0.170310900139512,200
0,98,tfim,12,2,0.05,0.01,1.0,-12.26229034129762,0.08801591193953877,active,0.0,0.013278515207990978,0.013278515208516981,0.0002360398437335706,0.06714799846824371,0.7922163685673349,49,False,,False,0.170310900139512,200
0,99,tfim,12,2,0.05,0.01,1.0,-12.268077583712945,0.08636079607315561,active,0.0,0.013156792982105156,0.013156792982626486,0.00022089456506459385,0.07035310699775843,0.7983753772786266,49,False,,False,0.170310900139512,200
0,100,tfim,12,2,0.05,0.01,1.0,-12.2733766678717,0.09008143031189458,active,0.0,0.01303742206259535,0.013037422063112055,0.0002075626632482877,0.07311338089038111,0.8045091353230047,49,False,,False,0.170310900139512,200
0,101,tfim,12,2,0.05,0.01,1.0,-12.278590751990306,0.09255757892758824,active,0.0,0.01292013334440379,0.012920133344915949,0.00019554294317236656,0.07573670992413853,0.8106283969305268,49,False,,False,0.170310900139512,200
0,102,tfim,12,2,0.05,0.01,1.0,-12.284379878502214,0.08763460366528407,active,0.0,0.012804343757029692,0.012804343757537357,0.00018136919708501703,0.07774198949940071,0.8167614473737105,49,False,,False,0.170310900139512,200
0,103,tfim,12,2,0.05,0.01,1.0,-12.290108126233463,0.08355358532360381,active,0.0,0.012690087844173798,0.01269008784467703,0.00016793040628201676,0.07838147809158025,0.8229049147686215,49,False,,False,0.170310900139512,200
0,104,tfim,12,2,0.05,0.01,1.0,-12.295473877027304,0.08422867714811956,active,0.0,0.012577608158278136,0.012577608158777004,0.00015787018038754234,0.07824970069779721,0.8290438242041396,49,False,,False,0.170310900139512,200
0,105,tfim,12,2,0.05,0.01,1.0,-12.301073388543857,0.0822873373286854,active,0.0,0.012466738074551129,0.012466738075045641,0.00014782500549066522,0.0780561049302108,0.835185185293752,49,False,,False,0.170310900139512,200
0,106,tfim,12,2,0.05,0.01,1.0,-12.306446256593535,0.08330991445107107,active,0.0,0.012357726052625065,0.012357726053115208,0.00013890502269863563,0.07790927841712272,0.8413129877643039,49,False,,False,0.170310900139512,200
0,107,tfim,12,2,0.05,0.01,1.0,-12.311324483199023,0.08905278522465516,active,0.0,0.012250937212996601,0.012250937213482402,0.00013349771358214384,0.07838687567827977,0.8474036395787472,49,False,,False,0.170310900139512,200
0,108,tfim,12,2,0.05,0.01,1.0,-12.316212055980285,0.09068632741828411,active,0.0,0.012146109090341953,0.012146109090823429,0.00012927833683037845,0.07939507159878062,0.8534688489088695,49,False,,False,0.170310900139512,200
0,109,tfim,12,2,0.05,0.01,1.0,-12.320878630329567,0.09360147471806828,active,0.0,0.012043248661785114,0.012043248662262314,0.00012740965304810527,0.08058534132805774,0.8595052001058672,49,False,,False,0.170310900139512,200
0,110,tfim,12,2,0.05,0.01,1.0,-12.325547723867386,0.09734323233432032,active,0.0,0.011942384812450912,0.01194238481292388,0.00012650417883632332,0.08245360114560596,0.8655078782732573,49,False,,False,0.170310900139512,200
0,111,tfim,12,2,0.05,0.01,1.0,-12.33039637309344,0.09971508610812971,active,0.0,0.011843563844883729,0.01184356384535249,0.00012362911533485375,0.08512213684548293,0.8714708531646791,49,False,,False,0.170310900139512,200
0,112,tfim,12,2,0.05,0.01,1.0,-12.33515452406101,0.10326247106267505,active,0.0,0.011746982464557021,0.011746982465021627,0.00011940920197277446,0.08827949659310375,0.8773786194831336,49,False,,False,0.170310900139512,200
0,113,tfim,12,2,0.05,0.01,1.0,-12.33980352198141,0.10470444455014394,active,0.0,0.011652376966512076,0.011652376966972591,0.00011364277653351317,0.09132785404543897,0.8832436997310592,49,False,,False,0.170310900139512,200
0,114,tfim,12,2,0.05,0.01,1.0,-12.344165361982474,0.10461528392954658,active,0.0,0.0115594269449572,0.011559426945413722,0.00010719219122370613,0.09369866331369678,0.8890830206828534,49,False,,False,0.170310900139512,200
0,115,tfim,12,2,0.05,0.01,1.0,-12.348290035289752,0.10308589767901499,active,0.0,0.011467866538912455,0.01146786653936508,0.00010037943107608726,0.09525694439318437,0.8949110250945806,49,False,,False,0.170310900139512,200
0,116,tfim,12,2,0.05,0.01,1.0,-12.352227939256416,0.09941302897834568,active,0.0,0.011377457882179953,0.01137745788262877,9.31136221546026e-05,0.09583270791388651,0.9007411771141678,49,False,,False,0.170310900139512,200
0,117,tfim,12,2,0.05,0.01,1.0,-12.355810987728065,0.09509092822385791,active,0.0,0.011288107710727116,0.011288107711172226,8.658560064828744e-05,0.09527172316028582,0.9065781901188337,49,False,,False,0.170310900139512,200
0,118,tfim,12,2,0.05,0.01,1.0,-12.359027377076085,0.08971556484544141,active,0.0,0.011199705566185067,0.011199705566626564,8.103750649322809e-05,0.09360117594229407,0.9124282020909408,49,False,,False,0.170310900139512,200
0,119,tfim,12,2,0.05,0.01,1.0,-12.361881358146261,0.08567918223468332,active,0.0,0.011112360490794344,0.011112360491232326,7.699235569065008e-05,0.09119695852560963,0.9182828880227037,49,False,,False,0.170310900139512,200
0,120,tfim,12,2,0.05,0.01,1.0,-12.364482182348002,0.08341760633515546,active,0.0,0.011026293315820848,0.011026293316255391,7.40869974367252e-05,0.08867888720339837,0.9241258782304276,49,False,,False,0.170310900139512,200
0,121,tfim,12,2,0.05,0.01,1.0,-12.366917233643663,0.08210809996025428,active,0.0,0.010941661065044664,0.010941661065475861,7.168200981205762e-05,0.08640696710119658,0.9299444179295276,49,False,,False,0.170310900139512,200
0,122,tfim,12,2,0.05,0.01,1.0,-12.369209746101182,0.08191508799905166,active,0.0,0.010858489656593159,0.010858489657021075,6.991392410367233e-05,0.08449241370088974,0.9357343518617521,49,False,,False,0.170310900139512,200
0,123,tfim,12,2,0.05,0.01,1.0,-12.371455164493877,0.08093399757182265,active,0.0,0.010776582976404941,0.010776582976829647,6.830593209738791e-05,0.0828505383355889,0.9415071384291478,49,False,,False,0.170310900139512,200
0,124,tfim,12,2,0.05,0.01,1.0,-12.37368888966279,0.07880822604340605,active,0.0,0.010695733673609098,0.010695733674030644,6.646991836028813e-05,0.08128075310382503,0.9472756832619509,49,False,,False,0.170310900139512,200
0,125,tfim,12,2,0.05,0.01,1.0,-12.375895116720297,0.07598388320825931,active,0.0,0.010615830830630862,0.010615830831049297,6.421080249176707e-05,0.07964448196996946,0.9530465724055338,49,False,,False,0.170310900139512,200
0,126,tfim,12,2,0.05,0.01,1.0,-12.378033591713631,0.0730515687670851,active,0.0,0.010536846449295383,0.010536846449710749,6.15010054391636e-05,0.07789103505842405,0.9588206512644761,49,False,,False,0.170310900139512,200
0,127,tfim,12,2,0.05,0.01,1.0,-12.380099471060204,0.07017333817280069,active,0.0,0.010458780575266557,0.010458780575678894,5.827021975971424e-05,0.07604013688296557,0.9645967470400673,49,False,,False,0.170310900139512,200
0,128,tfim,12,2,0.05,0.01,1.0,-12.382116280131129,0.06739837439240566,active,0.0,0.010381654580284706,0.010381654580694052,5.443570280435003e-05,0.07413964371846367,0.9703720509010576,49,False,,False,0.170310900139512,200
0,129,tfim,12,2,0.05,0.01,1.0,-12.384089139626054,0.06557520636184747,active,0.0,0.010305545821501776,0.010305545821908178,5.023896649952452e-05,0.0723169729928085,0.9761393800694399,49,False,,False,0.170310900139512,200
0,130,tfim,12,2,0.05,0.01,1.0,-12.386033262986219,0.06498332094137448,active,0.0,0.010230533142564018,0.010230533142967511,4.59664406838402e-05,0.07074987806285979,0.9818911278333622,49,False,,False,0.170310900139512,200
0,131,tfim,12,2,0.05,0.01,1.0,-12.387957964754284,0.0653499325687654,active,0.0,0.010156651234119416,0.010156651234520038,4.185744345325894e-05,0.06955310695466159,0.9876228158397734,49,False,,False,0.170310900139512,200
0,132,tfim,12,2,0.05,0.01,1.0,-12.38986456531154,0.06621011583499894,active,0.0,0.010083896690574653,0.010083896690972437,3.805087920150619e-05,0.06874966396015032,0.9933328144715674,49,False,,False,0.170310900139512,200
0,133,tfim,12,2,0.05,0.01,1.0,-12.391747558472177,0.06748956103694993,active,0.0,0.010012268011621675,0.010012268012016653,3.466844034614977e-05,0.06832947818728766,0.9990193217441807,49,False,,False,0.170310900139512,200
0,134,tfim,12,2,0.05,0.01,1.0,-12.393611876789187,0.0691113566348506,active,0.0,0.00994176614125735,0.009941766141649554,3.1764727906656245e-05,0.06828633923435268,1.0046803119734562,49,False,,False,0.170310900139512,200
0,135,tfim,12,2,0.05,0.01,1.0,-12.395477254997129,0.0706325343645409,active,0.0,0.009872365605164187,0.009872365605553652,2.9251228219203293e-05,0.06856248683329422,1.0103158824366485,49,False,,False,0.170310900139512,200
0,136,tfim,12,2,0.05,0.01,1.0,-12.397357177773843,0.07168821012542363,active,0.0,0.00980400892406661,0.00980400892445337,2.70140351568183e-05,0.06902446106573405,1.0159288356600544,49,False,,False,0.170310900139512,200
0,137,tfim,12,2,0.05,0.01,1.0,-12.399256623259461,0.07211496022676252,active,0.0,0.009736616781503551,0.009736616781887638,2.496920349107003e-05,0.0695126149791427,1.021523977533122,49,False,,False,0.170310900139512,200
0,138,tfim,12,2,0.05,0.01,1.0,-12.40117529768738,0.07199005130516661,active,0.0,0.009670111545249703,0.009670111545631152,2.3082564615199626e-05,0.06990241780963763,1.027106233641176,49,False,,False,0.170310900139512,200
0,139,tfim,12,2,0.05,0.01,1.0,-12.403112919808219,0.07155201717558626,active,0.0,0.009604440013266864,0.009604440013645703,2.1352926672078866e-05,0.07014090842731237,1.0326787034016307,49,False,,False,0.170310900139512,200
0,140,tfim,12,2,0.05,0.01,1.0,-12.405070965173566,0.07111730002899755,active,0.0,0.00953958297786744,0.009539582978243704,1.9790662755354756e-05,0.0702517281881705,1.0382417254297458,49,False,,False,0.170310900139512,200
0,141,tfim,12,2,0.05,0.01,1.0,-12.407052325261892,0.07095416123291573,active,0.0,0.00947555062152885,0.009475550621902569,1.8391274736850414e-05,0.07031461654539456,1.043793123636881,49,False,,False,0.170310900139512,200
0,142,tfim,12,2,0.05,0.01,1.0,-12.409058822211254,0.07118376811238106,active,0.0,0.009412369309749282,0.009412369310120487,1.712824165778618e-05,0.07042328307197616,1.0493292351544798,49,False,,False,0.170310900139512,200
0,143,tfim,12,2,0.05,0.01,1.0,-12.411087913174384,0.07181527236086967,active,0.0,0.009350065339823443,0.009350065340192164,1.598989692870912e-05,0.0706481514105988,1.0548462818071294,49,False,,False,0.170310900139512,200
0,144,tfim,12,2,0.05,0.01,1.0,-12.413136373535094,0.07270915579898728,active,0.0,0.009288647817669976,0.009288647818036245,1.4981012870419702e-05,0.07101342049979603,1.0603419104953673,49,False,,False,0.170310900139512,200
0,145,tfim,12,2,0.05,0.01,1.0,-12.415201779211298,0.07361388345976745,active,0.0,0.009228100477758983,0.009228100478122829,1.4111243922791783e-05,0.0714869639537014,1.065816016768,49,False,,False,0.170310900139512,200
0,146,tfim,12,2,0.05,0.01,1.0,-12.417281259260848,0.07426656537167624,active,0.0,0.00916838506168044,0.009168385062041892,1.3384169150516279e-05,0.07199102283176673,1.0712705533582563,49,False,,False,0.170310900139512,200
0,147,tfim,12,2,0.05,0.01,1.0,-12.419370293650518,0.07451699995343503,active,0.0,0.009109454203142813,0.009109454203501894,1.279848385202045e-05,0.07243348329652827,1.0767084386141952,49,False,,False,0.170310900139512,200
0,148,tfim,12,2,0.05,0.01,1.0,-12.421463053894794,0.0743799406639292,active,0.0,0.009051266296188432,0.009051266296545174,1.235386349389851e-05,0.07274416312962796,1.082132207340255,49,False,,False,0.170310900139512,200
0,149,tfim,12,2,0.05,0.01,1.0,-12.423552998759193,0.07399355631561043,active,0.0,0.008993793759010028,0.008993793759364455,1.2053788244323737e-05,0.07289579180952589,1.0875432031606793,49,False,,False,0.170310900139512,200
0,150,tfim,12,2,0.05,0.01,1.0,-12.425633297295757,0.07354281050440827,active,0.0,0.008937023425552418,0.008937023425904557,1.1905181607118389e-05,0.0729049389531064,1.0929414763389407,49,False,,False,0.170310900139512,200
0,151,tfim,12,2,0.05,0.01,1.0,-12.427697771629838,0.07318049920530448,active,0.0,0.008880952231396096,0.008880952231745974,1.1912126618134091e-05,0.0728177721837131,1.0983261330015528,49,False,,False,0.170310900139512,200
0,152,tfim,12,2,0.05,0.01,1.0,-12.4297406672928,0.07299081637737252,active,0.0,0.008825582103409387,0.00882558210375703,1.2078082620209509e-05,0.07268829095868497,1.1036957859320633,49,False,,False,0.170310900139512,200
0,153,tfim,12,2,0.05,0.01,1.0,-12.431756708706999,0.07297105334877704,active,0.0,0.008770915213985422,0.008770915214330854,1.2408660657376984e-05,0.07255780184276299,1.1090489982452345,49,False,,False,0.170310900139512,200
0,154,tfim,12,2,0.05,0.01,1.0,-12.433742027128856,0.07304184409693602,active,0.0,0.008716949383120136,0.008716949383463382,1.2906046969493034e-05,0.07244347766843537,1.1143847392989767,49,False,,False,0.170310900139512,200
0,155,tfim,12,2,0.05,0.01,1.0,-12.435694761886163,0.07310888752565864,active,0.0,0.008663675138729449,0.008663675139070535,1.3563752095173458e-05,0.07234141939809448,1.1197027005361146,49,False,,False,0.170310900139512,200
0,156,tfim,12,2,0.05,0.01,1.0,-12.437615218014173,0.07313083974357239,active,0.0,0.008611076857776729,0.00861107685811568,1.4367442084780867e-05,0.07224141627406296,1.1250032150342941,49,False,,False,0.170310900139512,200
0,157,tfim,12,2,0.05,0.01,1.0,-12.439505987833096,0.07313622737404273,active,0.0,0.008559137002447436,0.008559137002784276,1.5296678303339475e-05,0.07214242031990886,1.130286854346461,49,False,,False,0.170310900139512,200
0,158,tfim,12,2,0.05,0.01,1.0,-12.441371951652938,0.07318809427070803,active,0.0,0.00850783976877075,0.008507839769105503,1.6322340916842297e-05,0.07205861319450438,1.135554061803965,49,False,,False,0.170310900139512,200
0,159,tfim,12,2,0.05,0.01,1.0,-12.443220024277906,0.073335953703611,active,0.0,0.008457172450109457,0.008457172450442144,1.7400643222388566e-05,0.07201468345673143,1.1408050028328818,49,False,,False,0.170310900139512,200
0,160,tfim,12,2,0.05,0.01,1.0,-12.445058804864752,0.07358960942013802,active,0.0,0.00840712491592662,0.008407124916257266,1.8468514713876145e-05,0.07203610213218901,1.1460396054186974,49,False,,False,0.170310900139512,200
0,161,tfim,12,2,0.05,0.01,1.0,-12.446897904595675,0.07393276150847451,active,0.0,0.008357688193136198,0.00835768819346483,1.9449295671561473e-05,0.07214170348817493,1.1512576986469143,49,False,,False,0.170310900139512,200
0,162,tfim,12,2,0.05,0.01,1.0,-12.448747207794797,0.07434996197144937,active,0.0,0.008308853101931113,0.008308853102257747,2.026771679259936e-05,0.07234175524168293,1.1564591535265534,49,False,,False,0.170310900139512,200
0,163,tfim,12,2,0.05,0.01,1.0,-12.450616239814991,0.07483267581164196,active,0.0,0.008260609391277098,0.008260609391601758,2.086395794169391e-05,0.07263850742091948,1.1616439777121697,49,False,,False,0.170310900139512,200
0,164,tfim,12,2,0.05,0.01,1.0,-12.452513620026869,0.07536266961634859,active,0.0,0.00821294511402284,0.008212945114345551,2.1198944926405032e-05,0.07302523580293005,1.1668123891166962,49,False,,False,0.170310900139512,200
0,165,tfim,12,2,0.05,0.01,1.0,-12.454446788745686,0.07590025717779031,active,0.0,0.008165846153184558,0.008165846153505338,2.125198352569635e-05,0.07348456115877773,1.1719648765377717,49,False,,False,0.170310900139512,200
0,166,tfim,12,2,0.05,0.01,1.0,-12.456422040546606,0.07640310882780027,active,0.0,0.008119296535870133,0.008119296536189003,2.101886012540347e-05,0.07399097904627404,1.177102175744104,49,False,,False,0.170310900139512,200
0,167,tfim,12,2,0.05,0.01,1.0,-12.458444835557138,0.07686158240789041,active,0.0,0.008073280042794612,0.008073280043111595,2.0514226731327097e-05,0.07451971817941971,1.1822250989139025,49,False,,False,0.170310900139512,200
0,168,tfim,12,2,0.05,0.01,1.0,-12.460520320473158,0.07731209113455575,active,0.0,0.008027782542205897,0.00802778254252101,1.977402875371412e-05,0.07505668530467102,1.1873342730581495,49,False,,False,0.170310900139512,200
0,169,tfim,12,2,0.05,0.01,1.0,-12.462653928226274,0.07781141172499594,active,0.0,0.007982793471552275,0.00798279347186554,1.8852308226912338e-05,0.07560165058368569,1.1924299618080825,49,False,,False,0.170310900139512,200
0,170,tfim,12,2,0.05,0.01,1.0,-12.464851905654028,0.07839689544415443,active,0.0,0.007938305452389103,0.007938305452700535,1.7812386681859846e-05,0.07616285110857994,1.1975120926700595,49,False,,False,0.170310900139512,200
0,171,tfim,12,2,0.05,0.01,1.0,-12.467121673607323,0.07907002313992274,active,0.0,0.00789431271983959,0.00789431272014921,1.6716954096067418e-05,0.07674901604644827,1.2025804235897424,49,False,,False,0.170310900139512,200
0,172,tfim,12,2,0.05,0.01,1.0,-12.469471953341206,0.07981220896320353,active,0.0,0.007850809797649428,0.007850809797957254,1.5621059617422037e-05,0.07736561077848006,1.2076346899690793,49,False,,False,0.170310900139512,200
0,173,tfim,12,2,0.05,0.01,1.0,-12.47191266797878,0.08060765628320651,active,0.0,0.0078077910698642105,0.00780779107017026,1.4568850713536196e-05,0.07801584409167615,1.2126746539186533,49,False,,False,0.170310900139512,200
0,174,tfim,12,2,0.05,0.01,1.0,-12.474454714461476,0.08144652309175712,active,0.0,0.007765250816015739,0.007765250816320029,1.3592842760538147e-05,0.07870157258523475,1.2177001010289374,49,False,,False,0.170310900139512,200
0,175,tfim,12,2,0.05,0.01,1.0,-12.477109729834382,0.08230938904622237,active,0.0,0.007723182931996911,0.007723182932299459,1.2714682689670178e-05,0.07942053367392296,1.222710874526156,49,False,,False,0.170310900139512,200
0,176,tfim,12,2,0.05,0.01,1.0,-12.479889975494546,0.0831545589848486,active,0.0,0.0076815801001844375,0.007681580100485259,1.1946983822406638e-05,0.08016166405406012,1.2277069774765237,49,False,,False,0.170310900139512,200
0,177,tfim,12,2,0.05,0.01,1.0,-12.482808401815621,0.08392253989723389,active,0.0,0.007640432942957236,0.007640432943256351,1.1295957782226101e-05,0.08090279242170252,1.2326886818929985,49,False,,False,0.170310900139512,200
0,178,tfim,12,2,0.05,0.01,1.0,-12.485878885185368,0.0845499995680067,active,0.0,0.00759972971534897,0.007599729715646398,1.0764337462908016e-05,0.08161220460159146,1.237656576775694,49,False,,False,0.170310900139512,200
0,179,tfim,12,2,0.05,0.01,1.0,-12.489116564384814,0.08497566846391931,active,0.0,0.007559456423730178,0.007559456424025935,1.0353971447317893e-05,0.08225134721699288,1.2426115653708378,49,False,,False,0.170310900139512,200
0,180,tfim,12,2,0.05,0.01,1.0,-12.492538170737463,0.08513236968029059,active,0.0,0.007519596901964634,0.0075195969022587425,1.006799711566427e-05,0.08277523608733242,1.2475548670687384,49,False,,False,0.170310900139512,200
0,181,tfim,12,2,0.05,0.01,1.0,-12.496162247929805,0.08493746796921713,active,0.0,0.007480132761901931,0.007480132762194413,9.913947266008265e-06,0.08313039702889824,1.2524880346779843,49,False,,False,0.170310900139512,200
0,182,tfim,12,2,0.05,0.01,1.0,-12.500009173763992,0.08429728527526635,active,0.0,0.007441043699157039,0.007441043699447918,9.910144169391401e-06,0.08325344081971871,1.2574129271283288,49,False,,False,0.170310900139512,200
0,183,tfim,12,2,0.05,0.01,1.0,-12.504100896911313,0.08312698277054906,active,0.0,0.007402308738124128,0.007402308738413432,1.0096576424721775e-05,0.08307318613041573,1.2623315607244003,49,False,,False,0.170310900139512,200
0,184,tfim,12,2,0.05,0.01,1.0,-12.508460219264176,0.08137434811864769,active,0.0,0.007363908579281361,0.007363908579569122,1.0548764086266768e-05,0.08251643878653248,1.2672458114769107,49,False,,False,0.170310900139512,200
0,185,tfim,12,2,0.05,0.01,1.0,-12.513109233699927,0.07903834963027802,active,0.0,0.007325828711173193,0.0073258287114594395,1.1390955109828003e-05,0.08151571487073588,1.2721570044665478,49,False,,False,0.170310900139512,200
0,186,tfim,12,2,0.05,0.01,1.0,-12.518066112338385,0.07618478205832802,active,0.0,0.00728806279970777,0.007288062799992539,1.2804097632874577e-05,0.08001804424177741,1.2770654483039867,49,False,,False,0.170310900139512,200
0,187,tfim,12,2,0.05,0.01,1.0,-12.52333887770813,0.07296331456674386,active,0.0,0.0072506159120570915,0.007250615912340418,1.5022946314484349e-05,0.0779953938043526,1.281969970698799,49,False,,False,0.170310900139512,200
0,188,tfim,12,2,0.05,0.01,1.0,-12.528914389558805,0.06961686306297003,active,0.0,0.007213506919912772,0.00721350692019469,1.831556123515273e-05,0.07545630596088475,1.2868675428856742,49,False,,False,0.170310900139512,200
0,189,tfim,12,2,0.05,0.01,1.0,-12.534741431372959,0.06646267771676995,active,0.0,0.007176769094088341,0.007176769094368886,2.294188077985512e-05,0.07245543387555298,1.2917531305209689,49,False,,False,0.170310900139512,200
0,190,tfim,12,2,0.05,0.01,1.0,-12.540710352414756,0.06384210841465388,active,0.0,0.007140448253933594,0.007140448254212795,2.9100732380599925e-05,0.0690970100877658,1.2966198696569893,49,False,,False,0.170310900139512,200
0,191,tfim,12,2,0.05,0.01,1.0,-12.546640619766967,0.06208739556068426,active,0.0,0.00710459921503611,0.007104599215313991,3.6891486719791284e-05,0.0655349939819053,1.3014594848249783,49,False,,False,0.170310900139512,200
0,192,tfim,12,2,0.05,0.01,1.0,-12.552300986640041,0.06156291785053564,active,0.0,0.007069282085625725,0.007069282085902307,4.631078811903306e-05,0.06198605231158774,1.3062627501722104,49,False,,False,0.170310900139512,200
0,193,tfim,12,2,0.05,0.01,1.0,-12.557491417246629,0.06266490728449162,active,0.0,0.007034556704573324,0.007034556704848626,5.723816905910805e-05,0.05877196131993723,1.311020229860682,49,False,,False,0.170310900139512,200
0,194,tfim,12,2,0.05,0.01,1.0,-12.56218131339651,0.0654507704202135,active,0.0,0.007000466248288328,0.007000466248562375,6.927199942908403e-05,0.05635318149079809,1.3157245533018662,49,False,,False,0.170310900139512,200
0,195,tfim,12,2,0.05,0.01,1.0,-12.566612024618316,0.06897471630509423,active,0.0,0.006967002054507314,0.006967002054780133,8.136113952312008e-05,0.055212116546236784,1.3203754078737242,49,False,,False,0.170310900139512,200
0,196,tfim,12,2,0.05,0.01,1.0,-12.571211352648438,0.07122802100991313,active,0.0,0.00693406556288161,0.006934065563153222,9.157579137452401e-05,0.0554905773866053,1.3249851407349196,49,False,,False,0.170310900139512,200
0,197,tfim,12,2,0.05,0.01,1.0,-12.576283133426458,0.0702741540547692,active,0.0,0.006901473458766641,0.006901473459037059,9.76682646350861e-05,0.05666977340154791,1.3295784677664428,49,False,,False,0.170310900139512,200
0,198,tfim,12,2,0.05,0.01,1.0,-12.581719652889419,0.0661347030268975,active,0.0,0.0068690404173402065,0.006869040417609429,9.855788853537876e-05,0.0578010414962103,1.334181101557879,49,False,,False,0.170310900139512,200
0,199,tfim,12,2,0.05,0.01,1.0,-12.587114271212021,0.061952148343809646,active,0.0,0.006836690706330283,0.006836690706598301,9.545011291424637e-05,0.05824035914529855,1.3388037631487124,49,False,,False,0.170310900139512,200
0,200,tfim,12,2,0.05,0.01,1.0,-12.592258250884553,0.06113883533964077,active,0.0,0.006804471282213127,0.006804471282479946,9.071300709364296e-05,0.05814573492881446,1.3434397573235781,49,False,,False,0.170310900139512,200
1,1,tfim,12,2,0.05,0.01,1.0,-9.731100996354737,4.697470262074627,active,0.0,0.0,0.0001,0.0,4.697470262074627,4.999995000005001,49,False,,False,0.15319256279201454,200
1,2,tfim,12,2,0.05,0.01,1.0,-10.70573833691633,3.5710776530951547,active,0.0,0.0347164679257662,0.03471646793120079,0.04142539514452407,4.058187942168215,0.33587279656014435,49,False,,False,0.15319256279201454,200
1,3,tfim,12,2,0.05,0.01,1.0,-11.306005335596087,2.4513589766816084,active,0.0,0.07233299782431113,0.07233299782832776,0.05213411982615344,3.35762635102506,0.16703860523869846,49,False,,False,0.15319256279201454,200
1,4,tfim,12,2,0.05,0.01,1.0,-11.616510986171484,1.6626551900997302,active,0.0,0.1135658153364094,0.11356581533966781,0.05225399468405903,2.679059886435786,0.1076975136436664,49,False,,False,0.15319256279201454,200
1,5,tfim,12,2,0.05,0.01,1.0,-11.75282322357235,1.39130566975307,active,0.0,0.14952296426742884,0.14952296427020575,0.05189815454411612,2.0913219199262296,0.1,49,False,,False,0.15319256279201454,200
1,6,tfim,12,2,0.05,0.01,1.0,-11.810266115236846,1.4470450369723382,active,0.0,0.1751959387207044,0.17519593872314954,0.05340884745276766,1.641309239786007,0.1,49,False,,False,0.15319256279201454,200
1,7,tfim,12,2,0.05,0.01,1.0,-11.846343322765646,1.522005388314133,active,0.0,0.18956756694960628,0.18956756695181257,0.055650749996880446,1.3470051655627964,0.1,49,False,,False,0.15319256279201454,200
1,8,tfim,12,2,0.05,0.01,1.0,-11.885589545797677,1.5001257476977108,active,0.0,0.1941526845419582,0.19415268454398824,0.05700199610051202,1.1868320303893458,0.1,49,False,,False,0.15319256279201454,200
1,9,tfim,12,2,0.05,0.01,1.0,-11.9318813442449,1.3776560027679958,active,0.0,0.19154424100520243,0.19154424100709996,0.05660636719086936,1.1061019202782088,0.1,49,False,,False,0.15319256279201454,200
1,10,tfim,12,2,0.05,0.01,1.0,-11.979867664806909,1.1861228506333579,active,0.0,0.18443528002622214,0.18443528002801815,0.05451017047745058,1.0493388393303937,0.1,49,False,,False,0.15319256279201454,200
1,11,tfim,12,2,0.05,0.01,1.0,-12.022731413798738,0.9660851725566477,active,0.0,0.17508404861442625,0.17508404861614232,0.05131317149588905,0.9836559538480706,0.1,49,False,,False,0.15319256279201454,200
1,12,tfim,12,2,0.05,0.01,1.0,-12.056121286764645,0.7581640675552779,active,0.0,0.1650993587430407,0.1650993587446909,0.047738567759588124,0.8985961612338501,0.1,49,False,,False,0.15319256279201454,200
1,13,tfim,12,2,0.05,0.01,1.0,-12.079105089821244,0.5975774191661244,active,0.0,0.15544291687518,0.15544291687677278,0.044330821605055165,0.7974177988320085,0.1,49,False,,False,0.15319256279201454,200
1,14,tfim,12,2,0.05,0.01,1.0,-12.093340930428996,0.503763688353064,active,0.0,0.146560217390996,0.14656021739253589,0.04134341825199206,0.6895906571492287,0.1,49,False,,False,0.15319256279201454,200
1,15,tfim,12,2,0.05,0.01,1.0,-12.101621226711698,0.4662064860767114,active,0.0,0.13855969745676466,0.13855969745825403,0.03877987759639109,0.5858436183975992,0.1,49,False,,False,0.15319256279201454,200
1,16,tfim,12,2,0.05,0.01,1.0,-12.106615621482684,0.45254349107664904,active,0.0,0.1313778774966844,0.13137787749812513,0.03650784668039005,0.494954697071465,0.1,49,False,,False,0.15319256279201454,200
1,17,tfim,12,2,0.05,0.01,1.0,-12.110188559552347,0.43613345454202024,active,0.0,0.12489656824387858,0.12489656824527295,0.034371997889160066,0.4216629093754879,0.1,49,False,,False,0.15319256279201454,200
1,18,tfim,12,2,0.05,0.01,1.0,-12.113284660580874,0.4066545439154989,active,0.0,0.11900595187901464,0.11900595188036538,0.03226414163615302,0.3658203091776529,0.10287561678671842,49,False,,False,0.15319256279201454,200
1,19,tfim,12,2,0.05,0.01,1.0,-12.116167500854345,0.36532653538743914,active,0.0,0.11362533980488825,0.11362533980619836,0.030143620955031907,0.3233933784820426,0.10764230917986124,49,False,,False,0.15319256279201454,200
1,20,tfim,12,2,0.05,0.01,1.0,-12.1187640460457,0.3187327081009585,active,0.0,0.108699721813121,0.10869972181439332,0.028022975322738338,0.2890633705877058,0.11241035063002458,49,False,,False,0.15319256279201454,200
1,21,tfim,12,2,0.05,0.01,1.0,-12.120941507196331,0.2745794071587807,active,0.0,0.10418802916809448,0.10418802916933124,0.02594021768944728,0.2587290500341709,0.11716403240887778,49,False,,False,0.15319256279201454,200
1,22,tfim,12,2,0.05,0.01,1.0,-12.122649010555032,0.23872020495047533,active,0.0,0.10005297568642495,0.10005297568762787,0.023934412924301308,0.23051184931761062,0.12188822032332397,49,False,,False,0.15319256279201454,200
1,23,tfim,12,2,0.05,0.01,1.0,-12.123939338336744,0.21310209965089932,active,0.0,0.09625617820715848,0.09625617820832873,0.022032288409912004,0.20437630896384562,0.12657435626298902,49,False,,False,0.15319256279201454,200
1,24,tfim,12,2,0.05,0.01,1.0,-12.124924789709095,0.19555009559963496,active,0.0,0.09275805267676866,0.09275805267790714,0.02024572964659044,0.18116699365972067,0.13122249847326795,49,False,,False,0.15319256279201454,200
1,25,tfim,12,2,0.05,0.01,1.0,-12.12572084656947,0.18192202599652377,active,0.0,0.08952019593523208,0.08952019593633968,0.018575814963276687,0.16166699707772852,0.1358397418453521,49,False,,False,0.15319256279201454,200
1,26,tfim,12,2,0.05,0.01,1.0,-12.126409777663437,0.16879758983612647,active,0.0,0.08650801600843017,0.08650801600950782,0.017018527978109137,0.1460020461398205,0.140436785465751,49,False,,False,0.15319256279201454,200
1,27,tfim,12,2,0.05,0.01,1.0,-12.127031933396502,0.15467744023148217,active,0.0,0.08369231325143604,0.08369231325248483,0.01556898022697077,0.13354836832536296,0.1450245290548623,49,False,,False,0.15319256279201454,200
1,28,tfim,12,2,0.05,0.01,1.0,-12.127596512140633,0.13972019262536775,active,0.0,0.0810495290403924,0.08104952904141366,0.014223169801325075,0.12327657733416408,0.14961185023469362,49,False,,False,0.15319256279201454,200
1,29,tfim,12,2,0.05,0.01,1.0,-12.128098726661989,0.12492624560427606,active,0.0,0.0785610272259787,0.07856102722697371,0.012977853887340685,0.11422103775939087,0.1542048015212168,49,False,,False,0.15319256279201454,200
1,30,tfim,12,2,0.05,0.01,1.0,-12.128533435590905,0.11135025320250483,active,0.0,0.07621197367974741,0.07621197368071748,0.011829668315922776,0.10576723235578284,0.15880683736684342,49,False,,False,0.15319256279201454,200
1,31,tfim,12,2,0.05,0.01,1.0,-12.128901368727169,0.09958153581301345,active,0.0,0.07399026558425191,0.07399026558519826,0.010774412271158716,0.09767751060101082,0.163419482152051,49,False,,False,0.15319256279201454,200
1,32,tfim,12,2,0.05,0.01,1.0,-12.1292090629977,0.08959887512785115,active,0.0,0.07188572988282718,0.07188572988375094,0.009806884530901373,0.08995698531355402,0.1680429781301148,49,False,,False,0.15319256279201454,200
1,33,tfim,12,2,0.05,0.01,1.0,-12.129465822817702,0.08097849907823698,active,0.0,0.06988960916682273,0.06988960916772488,0.008921194506998563,0.08269133487527995,0.17267671026516837,49,False,,False,0.15319256279201454,200
1,34,tfim,12,2,0.05,0.01,1.0,-12.12968071650921,0.07325770128574657,active,0.0,0.06799424862447952,0.067994248625361,0.008111257438481028,0.075939336166155,0.1773194239332703,49,False,,False,0.15319256279201454,200
1,35,tfim,12,2,0.05,0.01,1.0,-12.129861095312593,0.06620284986247216,local_min,0.0,0.06619288378338388,0.06619288378424552,0.007371205317735723,0.06970377297177062,0.1819693519418127,49,False,,False,0.15319256279201454,200
1,36,tfim,12,2,0.05,0.01,1.0,-12.130012628179056,0.05986220434900282,local_min,0.0,0.06447946491226231,0.0644794649131049,0.006695588328049346,0.06395951549395794,0.18662435643242448,49,False,,False,0.15319256279201454,200
1,37,tfim,12,2,0.05,0.01,1.0,-12.130140062720136,0.05443948226072751,local_min,0.0,0.06284849812436312,0.06284849812518738,0.006079385409484409,0.05869706596981016,0.19128212400545533,49,False,,False,0.15319256279201454,200
1,38,tfim,12,2,0.05,0.01,1.0,-12.13024789916712,0.050094438593935225,local_min,0.0,0.061294910683472904,0.06129491068427954,0.005517918603859082,0.053945870815876665,0.19594038734797317,49,False,,False,0.15319256279201454,200
1,39,tfim,12,2,0.05,0.01,1.0,-12.130340572310363,0.0467903210957282,local_min,0.0,0.059813953723574814,0.05981395372436449,0.00500676644535901,0.04976364132059676,0.2005971175245484,49,False,,False,0.15319256279201454,200
1,40,tfim,12,2,0.05,0.01,1.0,-12.130422186534599,0.04427872109487012,local_min,0.0,0.05840114712858018,0.058401147129353514,0.004541727660663564,0.04620046572415927,0.2052506410180129,49,False,,False,0.15319256279201454,200
1,41,tfim,12,2,0.05,0.01,1.0,-12.130248894260125,0.14007052200182818,local_min,0.0,0.057063113176056855,0.05706311317681493,0.004183955017283282,0.04379031251085877,0.20986141940564643,49,False,,False,0.15319256279201454,200
1,42,tfim,12,2,0.05,0.01,1.0,-12.130019555776112,0.2039738615755588,local_min,0.0,0.05579300973326692,0.055793009734010614,0.003936650222225488,0.04495309391299668,0.21443393506548705,49,False,,False,0.15319256279201454,200
1,43,tfim,12,2,0.05,0.01,1.0,-12.132227653237786,0.22046600799429053,local_min,0.0,0.054574213714714326,0.05457421371544405,0.003730715051812815,0.05267632517769809,0.21901308207150413,49,False,,False,0.15319256279201454,200
1,44,tfim,12,2,0.05,0.01,1.0,-12.136709486229257,0.1996633046838845,local_min,0.0,0.05340718270777566,0.05340718270849184,0.003505925302450258,0.06264834560453231,0.22358485682197216,49,False,,False,0.15319256279201454,200
1,45,tfim,12,2,0.05,0.01,1.0,-12.143848841212595,0.1337888296153544,active,0.0,0.0522667017041894,0.05226670170489173,0.003212032121990302,0.07374318635664179,0.2282408660816184,49,False,,False,0.15319256279201454,200
1,46,tfim,12,2,0.05,0.01,1.0,-12.147816951397205,0.16886600620341635,active,0.0,0.051189322007725434,0.051189322008414924,0.0029757412703125285,0.08446656232971543,0.23282095862840213,49,False,,False,0.15319256279201454,200
1,47,tfim,12,2,0.05,0.01,1.0,-12.153799858334903,0.17188925312438308,active,0.0,0.0501672754714668,0.050167275472144286,0.0027647169849834194,0.09086352586966319,0.2373390173453058,49,False,,False,0.15319256279201454,200
1,48,tfim,12,2,0.05,0.01,1.0,-12.162287651011598,0.12201181438427174,active,0.0,0.04917278090640195,0.04917278090706733,0.0025198829692731043,0.09485923681276182,0.24190684487980038,49,False,,False,0.15319256279201454,200
1,49,tfim,12,2,0.05,0.01,1.0,-12.16917012782852,0.1331990053894659,active,0.0,0.048217484312751906,0.04821748431340559,0.0023108779082345854,0.09637991932259425,0.24646331641293243,49,False,,False,0.15319256279201454,200
1,50,tfim,12,2,0.05,0.01,1.0,-12.177113570860223,0.11580901837900884,active,0.0,0.04730166617884115,0.047301666179483635,0.0021124996314477885,0.0948332679028295,0.25099560580207586,49,False,,False,0.15319256279201454,200
1,51,tfim,12,2,0.05,0.01,1.0,-12.184222404022806,0.10377028489739568,active,0.0,0.04642465058779403,0.0464246505884258,0.0019320885337105673,0.0905095319429643,0.25549491332251395,49,False,,False,0.15319256279201454,200
1,52,tfim,12,2,0.05,0.01,1.0,-12.190564004073297,0.07450376746942136,active,0.0,0.04557566498822235,0.045575664988843634,0.001760236803188654,0.08300139731376202,0.2600067904010333,49,False,,False,0.15319256279201454,200
1,53,tfim,12,2,0.05,0.01,1.0,-12.194889634703893,0.06498211105677144,active,0.0,0.044758861640771884,0.04475886164138306,0.0016102910030945845,0.07311125144202467,0.2645006440012131,49,False,,False,0.15319256279201454,200
1,54,tfim,12,2,0.05,0.01,1.0,-12.197279042150445,0.06885587434723607,active,0.0,0.04397672260144048,0.04397672260204207,0.001486341709662899,0.060821589781013756,0.26895182422421976,49,False,,False,0.15319256279201454,200
1,55,tfim,12,2,0.05,0.01,1.0,-12.198622335690615,0.05049096310529014,active,0.0,0.043220260836506326,0.04322026083709859,0.001370893473421405,0.048423010811821654,0.27340174985429505,49,False,,False,0.15319256279201454,200
1,56,tfim,12,2,0.05,0.01,1.0,-12.1986707931591,0.06553239955225026,active,0.0,0.042490202658265336,0.042490202658848585,0.0012733886733099266,0.03804140675856742,0.2778382529270057,49,False,,False,0.15319256279201454,200
1,57,tfim,12,2,0.05,0.01,1.0,-12.1987878528355,0.06945663975069652,active,0.0,0.04178582320151231,0.04178582320208687,0.0011846825878542107,0.03203778322083031,0.28225735440161703,49,False,,False,0.15319256279201454,200
1,58,tfim,12,2,0.05,0.01,1.0,-12.199284758487538,0.06705955631641648,active,0.0,0.04110195745707189,0.04110195745763794,0.0010988726634040323,0.030748204570116264,0.28668436034313177,49,False,,False,0.15319256279201454,200
1,59,tfim,12,2,0.05,0.01,1.0,-12.200407789612804,0.060303661174960076,active,0.0,0.04043566036535647,0.040435660365914124,0.001013411590253549,0.03211196023529327,0.2911332716394576,49,False,,False,0.15319256279201454,200
1,60,tfim,12,2,0.05,0.01,1.0,-12.202038980687604,0.059902940851421074,active,0.0,0.0397884909507521,0.03978849095130154,0.0009315906959518686,0.0344953466676419,0.29558868098616764,49,False,,False,0.15319256279201454,200
1,61,tfim,12,2,0.05,0.01,1.0,-12.204105280970152,0.05737923380281549,active,0.0,0.039159984083629105,0.03915998408417052,0.0008535442248492446,0.03607621972305874,0.3000481043100493,49,False,,False,0.15319256279201454,200
1,62,tfim,12,2,0.05,0.01,1.0,-12.206501719787619,0.05569711297059802,active,0.0,0.03854888173464929,0.03854888173518286,0.0007793361810961271,0.03802228310048741,0.304514976059904,49,False,,False,0.15319256279201454,200
1,63,tfim,12,2,0.05,0.01,1.0,-12.209043650891545,0.059292467972613394,active,0.0,0.037954906684747824,0.037954906685273716,0.0007113777924854705,0.04024765440114819,0.30898598592609644,49,False,,False,0.15319256279201454,200
1,64,tfim,12,2,0.05,0.01,1.0,-12.211805792681524,0.059258502629567084,active,0.0,0.03737847583242807,0.037378475832946484,0.0006482348316921647,0.04257984344293316,0.31345228109758005,49,False,,False,0.15319256279201454,200
1,65,tfim,12,2,0.05,0.01,1.0,-12.214742072074388,0.061115846985591804,active,0.0,0.036820164038972404,0.03682016403948357,0.0005902720517897783,0.04529572126033375,0.3179030278930928,49,False,,False,0.15319256279201454,200
1,66,tfim,12,2,0.05,0.01,1.0,-12.217875049720853,0.061198736993169946,active,0.0,0.03627851885931848,0.036278518859822605,0.0005367975144981043,0.04786256335345455,0.3223433891193546,49,False,,False,0.15319256279201454,200
1,67,tfim,12,2,0.05,0.01,1.0,-12.221138044879138,0.06378516459289134,active,0.0,0.03575317641820025,0.035753176418697526,0.0004887758573195813,0.05027756728243284,0.3267702280829973,49,False,,False,0.15319256279201454,200
1,68,tfim,12,2,0.05,0.01,1.0,-12.224532342710685,0.06734646576968879,active,0.0,0.0352442839861371,0.03524428398662776,0.0004459561722023886,0.052904555808980715,0.33117595174546643,49,False,,False,0.15319256279201454,200
1,69,tfim,12,2,0.05,0.01,1.0,-12.227946192618681,0.0697394531314302,active,0.0,0.03475052812843455,0.034750528128918795,0.0004076550036290581,0.05549497775517945,0.33556568964572925,49,False,,False,0.15319256279201454,200
1,70,tfim,12,2,0.05,0.01,1.0,-12.231269687422929,0.0720428015107722,active,0.0,0.03427069106097328,0.034270691061451274,0.00037336803856769874,0.058081137254454906,0.33994463496513766,49,False,,False,0.15319256279201454,200
1,71,tfim,12,2,0.05,0.01,1.0,-12.234358215266633,0.0744407566398534,active,0.0,0.03380396360789555,0.03380396360836745,0.0003428398868718548,0.06060553574863702,0.34431499750881056,49,False,,False,0.15319256279201454,200
1,72,tfim,12,2,0.05,0.01,1.0,-12.23716254987303,0.07362687413467951,active,0.0,0.03334922413354175,0.033349224134007704,0.00031482499918488474,0.06254186935605964,0.34868255674739096,49,False,,False,0.15319256279201454,200
1,73,tfim,12,2,0.05,0.01,1.0,-12.239714437764782,0.07305774564143334,active,0.0,0.03290599381159457,0.0329059938120547,0.0002893220529548717,0.06396451860429994,0.3530475428509991,49,False,,False,0.15319256279201454,200
1,74,tfim,12,2,0.05,0.01,1.0,-12.242177833456536,0.07249102720000816,active,0.0,0.03247364037556586,0.03247364037602028,0.0002660922966463712,0.06497999738685162,0.35741201008068435,49,False,,False,0.15319256279201454,200
1,75,tfim,12,2,0.05,0.01,1.0,-12.244716953652384,0.07089780749242236,active,0.0,0.032051671838991186,0.032051671839440014,0.0002446182121963141,0.06550741975517299,0.3617769685301151,49,False,,False,0.15319256279201454,200
1,76,tfim,12,2,0.05,0.01,1.0,-12.247381850798384,0.06834609527653368,active,0.0,0.03164017404020695,0.031640174040650317,0.00022422928509727993,0.06559823748347507,0.3661375325718872,49,False,,False,0.15319256279201454,200
1,77,tfim,12,2,0.05,0.01,1.0,-12.250060848046179,0.06425270277238058,active,0.0,0.031239024104703833,0.031239024105141868,0.00020461719453837609,0.06501151328572781,0.3704908308841747,49,False,,False,0.15319256279201454,200
1,78,tfim,12,2,0.05,0.01,1.0,-12.252591241428245,0.05963711830708762,active,0.0,0.03084800852599688,0.030848008526429705,0.00018596967606958575,0.06367863358852603,0.3748349486347315,49,False,,False,0.15319256279201454,200
1,79,tfim,12,2,0.05,0.01,1.0,-12.254912406899342,0.05625564353688717,active,0.0,0.030467044602817985,0.030467044603245733,0.00016865147306860482,0.06189679776042775,0.3791665040855757,49,False,,False,0.15319256279201454,200
1,80,tfim,12,2,0.05,0.01,1.0,-12.257118575735047,0.05473198022338949,active,0.0,0.030095900098482047,0.030095900098904855,0.0001530827159902041,0.060018228439211195,0.38348378181072706,49,False,,False,0.15319256279201454,200
1,81,tfim,12,2,0.05,0.01,1.0,-12.25935480431802,0.05482336401236064,active,0.0,0.029734149242241673,0.029734149242659675,0.00013918426916941927,0.058484775962403174,0.3877874652931912,49,False,,False,0.15319256279201454,200
1,82,tfim,12,2,0.05,0.01,1.0,-12.26165817677312,0.05601826125986537,active,0.0,0.029381137886983304,0.029381137887396613,0.00012660229015460587,0.05761348876988642,0.3920813323573458,49,False,,False,0.15319256279201454,200
1,83,tfim,12,2,0.05,0.01,1.0,-12.263952031681114,0.05718682998666804,active,0.0,0.029036088133265858,0.029036088133674556,0.00011512914922753781,0.057289054973936125,0.3963712606411135,49,False,,False,0.15319256279201454,200
1,84,tfim,12,2,0.05,0.01,1.0,-12.266180921161874,0.058545171522957,active,0.0,0.028698524927086532,0.028698524927490712,0.00010492447613697101,0.057279418428790335,0.4006599359284988,49,False,,False,0.15319256279201454,200
1,85,tfim,12,2,0.05,0.01,1.0,-12.268392824515864,0.05979194896145444,active,0.0,0.028368233220658318,0.028368233221058064,9.600789865565544e-05,0.05743152449393847,0.4049470178055715,49,False,,False,0.15319256279201454,200
1,86,tfim,12,2,0.05,0.01,1.0,-12.27066161026807,0.06007529620047498,active,0.0,0.028045055669124283,0.028045055669519665,8.806078153806272e-05,0.05759146864910921,0.4092315009121612,49,False,,False,0.15319256279201454,200
1,87,tfim,12,2,0.05,0.01,1.0,-12.273001753041195,0.059440724183656896,active,0.0,0.027728962870559908,0.02772896287095103,8.061678657196082e-05,0.05770239263358375,0.4135106791373612,49,False,,False,0.15319256279201454,200
1,88,tfim,12,2,0.05,0.01,1.0,-12.275386038969975,0.05838578422660169,active,0.0,0.027420026009321714,0.027420026009708654,7.339305065112507e-05,0.05773810521509268,0.4177803505804005,49,False,,False,0.15319256279201454,200
1,89,tfim,12,2,0.05,0.01,1.0,-12.277804553455764,0.05801489567197534,active,0.0,0.027118252356906125,0.027118252357289,6.661969765899747e-05,0.05771863896726364,0.42203701941221433,49,False,,False,0.15319256279201454,200
1,90,tfim,12,2,0.05,0.01,1.0,-12.280270557627224,0.059204449132761544,active,0.0,0.026823429714561167,0.02682342971494006,6.067723084417372e-05,0.05784510124337125,0.4262802494788746,49,False,,False,0.15319256279201454,200
1,91,tfim,12,2,0.05,0.01,1.0,-12.282800363851091,0.06094924877411201,active,0.0,0.026535068718852067,0.026535068719227072,5.550330910612689e-05,0.058280005227450964,0.4305138398242993,49,False,,False,0.15319256279201454,200
1,92,tfim,12,2,0.05,0.01,1.0,-12.285401978014232,0.06162733682542082,active,0.0,0.026252588652853764,0.02625258865322495,5.071762361702407e-05,0.058867567104207645,0.43474342655059617,49,False,,False,0.15319256279201454,200
1,93,tfim,12,2,0.05,0.01,1.0,-12.288067324995058,0.0614862633723001,active,0.0,0.02597563166758444,0.025975631667951873,4.6282207336190055e-05,0.059345882555225576,0.438971786420459,49,False,,False,0.15319256279201454,200
1,94,tfim,12,2,0.05,0.01,1.0,-12.290785107575648,0.061505739265283195,active,0.0,0.025704115379837453,0.025704115380201193,4.240712949095413e-05,0.05966159803633852,0.44319769379974105,49,False,,False,0.15319256279201454,200
1,95,tfim,12,2,0.05,0.01,1.0,-12.293561645561564,0.06170455059157039,active,0.0,0.025438064237106386,0.0254380642374665,3.9048035100870415e-05,0.05992072951236543,0.4474182167872743,49,False,,False,0.15319256279201454,200
1,96,tfim,12,2,0.05,0.01,1.0,-12.296401542939925,0.061887184204201265,active,0.0,0.02517750280731537,0.025177502807671937,3.603341363501892e-05,0.06019555524801792,0.4516302990897145,49,False,,False,0.15319256279201454,200
1,97,tfim,12,2,0.05,0.01,1.0,-12.2992895407301,0.06221826910427956,active,0.0,0.024922387584182786,0.024922387584535872,3.341699450906497e-05,0.06046447482497041,0.4558318936324224,49,False,,False,0.15319256279201454,200
1,98,tfim,12,2,0.05,0.01,1.0,-12.302212742074023,0.062473425491589255,active,0.0,0.024672521289358647,0.024672521289708326,3.129208559443948e-05,0.060664308261006286,0.46002351849610945,49,False,,False,0.15319256279201454,200
1,99,tfim,12,2,0.05,0.01,1.0,-12.30516764603449,0.062327387216831814,active,0.0,0.024427601127013088,0.024427601127359432,2.9600071466236416e-05,0.060749317094081795,0.46420766486106174,49,False,,False,0.15319256279201454,200
1,100,tfim,12,2,0.05,0.01,1.0,-12.308149402718135,0.06201673779912726,active,0.0,0.024187374665688956,0.024187374666032015,2.8288413085704905e-05,0.060723662462561015,0.4683862307784529,49,False,,False,0.15319256279201454,200
1,101,tfim,12,2,0.05,0.01,1.0,-12.311152702876019,0.06177858928255148,active,0.0,0.023951698447316705,0.02395169844765654,2.734844689672242e-05,0.06061789265049275,0.47255940269761815,49,False,,False,0.15319256279201454,200
1,102,tfim,12,2,0.05,0.01,1.0,-12.314174423823687,0.06164412323877722,active,0.0,0.023720483397715746,0.02372048339805242,2.677822815017466e-05,0.060460819041109864,0.47672648206297985,49,False,,False,0.15319256279201454,200
1,103,tfim,12,2,0.05,0.01,1.0,-12.317220368737843,0.0616743616087058,active,0.0,0.023493639418477413,0.02349363941881097,2.6573006223011884e-05,0.06029370686128907,0.48088682760203977,49,False,,False,0.15319256279201454,200
1,104,tfim,12,2,0.05,0.01,1.0,-12.320304367277423,0.06192046789562366,active,0.0,0.023271080647333898,0.02327108064766441,2.6701452855279454e-05,0.060170284816726614,0.48503976059280096,49,False,,False,0.15319256279201454,200
1,105,tfim,12,2,0.05,0.01,1.0,-12.323442723223424,0.062365653159215266,active,0.0,0.023052742987832563,0.023052742988160072,2.70817372314579e-05,0.06014199768209243,0.4891842250748406,49,False,,False,0.15319256279201454,200
1,106,tfim,12,2,0.05,0.01,1.0,-12.326656645478057,0.06297024713638578,active,0.0,0.022838553697120206,0.02283855369744477,2.7576813725776344e-05,0.06025427796241525,0.49331934711499703,49,False,,False,0.15319256279201454,200
1,107,tfim,12,2,0.05,0.01,1.0,-12.32996914511586,0.06372129042935806,active,0.0,0.022628389028281255,0.02262838902860295,2.8045019628822347e-05,0.06053772477446853,0.4974452895614757,49,False,,False,0.15319256279201454,200
1,108,tfim,12,2,0.05,0.01,1.0,-12.333402021385133,0.06446114591137343,active,0.0,0.022422077699495682,0.022422077699814538,2.834188693163247e-05,0.060981536716322615,0.5015632683925377,49,False,,False,0.15319256279201454,200
1,109,tfim,12,2,0.05,0.01,1.0,-12.336970879096391,0.06504740739669504,active,0.0,0.022219457066870868,0.022219457067186938,2.8344211111855382e-05,0.06153352520284885,0.5056744855681456,49,False,,False,0.15319256279201454,200
1,110,tfim,12,2,0.05,0.01,1.0,-12.340682496162772,0.06551365368537286,active,0.0,0.022020410888032554,0.022020410888345887,2.7987148450992437e-05,0.06214053431771573,0.5097793337407908,49,False,,False,0.15319256279201454,200
1,111,tfim,12,2,0.05,0.01,1.0,-12.344535726484738,0.06591847136451329,active,0.0,0.02182485287700238,0.02182485287731303,2.7282848486089966e-05,0.06275821678392392,0.5138776698264758,49,False,,False,0.15319256279201454,200
1,112,tfim,12,2,0.05,0.01,1.0,-12.348521919998229,0.06621314884823051,active,0.0,0.021632702392510934,0.02163270239281893,2.633015154833557e-05,0.06332796279711624,0.5179692892146172,49,False,,False,0.15319256279201454,200
1,113,tfim,12,2,0.05,0.01,1.0,-12.352626737524202,0.06627633753867755,active,0.0,0.021443884967791232,0.021443884968096627,2.5276636838288148e-05,0.06377722443805717,0.5220539069445058,49,False,,False,0.15319256279201454,200
1,114,tfim,12,2,0.05,0.01,1.0,-12.35683051380274,0.06606854195086144,active,0.0,0.021258343128601243,0.021258343128904084,2.428174941188789e-05,0.06404717894041236,0.5261309097613263,49,False,,False,0.15319256279201454,200
1,115,tfim,12,2,0.05,0.01,1.0,-12.361108808492263,0.06557084932014852,active,0.0,0.021076029309559884,0.021076029309860207,2.3491555865827457e-05,0.06409669859885207,0.5301994882332725,49,False,,False,0.15319256279201454,200
1,116,tfim,12,2,0.05,0.01,1.0,-12.36543216850681,0.06470666253117503,active,0.0,0.020896891698889905,0.020896891699187764,2.303831526289192e-05,0.06388030345148844,0.5342589445308976,49,False,,False,0.15319256279201454,200
1,117,tfim,12,2,0.05,0.01,1.0,-12.36976900669723,0.06348295484317185,active,0.0,0.020720877511744003,0.02072087751203943,2.305368745078164e-05,0.06335652632252842,0.5383086254129087,49,False,,False,0.15319256279201454,200
1,118,tfim,12,2,0.05,0.01,1.0,-12.374092702216931,0.06216757536837035,active,0.0,0.020547946019922988,0.020547946020216038,2.3671602396648e-05,0.06253614037909123,0.5423476188865494,49,False,,False,0.15319256279201454,200
1,119,tfim,12,2,0.05,0.01,1.0,-12.378392330921852,0.061175970917809026,active,0.0,0.020378064957013244,0.02037806495730396,2.4988472424020695e-05,0.06151551575091578,0.5463748204907116,49,False,,False,0.15319256279201454,200
1,120,tfim,12,2,0.05,0.01,1.0,-12.382681679167254,0.06085065871292014,active,0.0,0.020211192226455617,0.020211192226744033,2.700882963315494e-05,0.06046765547606915,0.5503893630676818,49,False,,False,0.15319256279201454,200
1,121,tfim,12,2,0.05,0.01,1.0,-12.3870005208157,0.06133661021788126,active,0.0,0.020047262058223173,0.020047262058509346,2.9589995842980683e-05,0.05961119160023114,0.5543909757976007,49,False,,False,0.15319256279201454,200
1,122,tfim,12,2,0.05,0.01,1.0,-12.39140431042699,0.06251758069781718,active,0.0,0.019886181228718113,0.01988618122900208,3.240242441003823e-05,0.059158014369132,0.5583801219304914,49,False,,False,0.15319256279201454,200
1,123,tfim,12,2,0.05,0.01,1.0,-12.395944166071615,0.06406199961922057,active,0.0,0.019727831076018876,0.01972783107630068,3.497502504455616e-05,0.05923719140358767,0.562357998463961,49,False,,False,0.15319256279201454,200
1,124,tfim,12,2,0.05,0.01,1.0,-12.400644616515118,0.0656291642364595,active,0.0,0.019572078081532662,0.01957207808181233,3.685344799249004e-05,0.05983996515683314,0.5663263122760861,49,False,,False,0.15319256279201454,200
1,125,tfim,12,2,0.05,0.01,1.0,-12.405489588121284,0.06704929021081177,active,0.0,0.019418797195665454,0.019418797195943027,3.778353932067664e-05,0.06083234936857326,0.5702867024452957,49,False,,False,0.15319256279201454,200
1,126,tfim,12,2,0.05,0.01,1.0,-12.410424308022062,0.06832777282765812,active,0.0,0.01926789957508459,0.019267899575360098,3.781630567411551e-05,0.062019952663073356,0.5742399959758836,49,False,,False,0.15319256279201454,200
1,127,tfim,12,2,0.05,0.01,1.0,-12.415371561273643,0.06950084547699215,active,0.0,0.019119346895937528,0.019119346896211007,3.7282134876137514e-05,0.06321454136298295,0.5781857617948885,49,False,,False,0.15319256279201454,200
1,128,tfim,12,2,0.05,0.01,1.0,-12.420251171683407,0.07048181508762288,active,0.0,0.01897314314005304,0.018973143140324517,3.664409143515865e-05,0.06426777421963395,0.5821224430520431,49,False,,False,0.15319256279201454,200
1,129,tfim,12,2,0.05,0.01,1.0,-12.42499219065333,0.07110245413273064,active,0.0,0.01882931357401979,0.0188293135742893,3.633271748741113e-05,0.06507737623414533,0.5860478581038822,49,False,,False,0.15319256279201454,200
1,130,tfim,12,2,0.05,0.01,1.0,-12.429539200262598,0.07136690913059061,active,0.0,0.01868788544065317,0.01868788544092075,3.667575697475296e-05,0.06560013669539129,0.589959699381658,49,False,,False,0.15319256279201454,200
1,131,tfim,12,2,0.05,0.01,1.0,-12.433862498457728,0.07161033362874768,active,0.0,0.018548871600785877,0.018548871601051564,3.789401003850325e-05,0.0658870026006849,0.5938559915436666,49,False,,False,0.15319256279201454,200
1,132,tfim,12,2,0.05,0.01,1.0,-12.437973570832083,0.07231153908645621,active,0.0,0.018412252178042956,0.018412252178306786,4.00501402222435e-05,0.06610449491309323,0.5977356431645082,49,False,,False,0.15319256279201454,200
1,133,tfim,12,2,0.05,0.01,1.0,-12.44193197387612,0.07372633161758511,active,0.0,0.018277958985929568,0.018277958986191573,4.2949503245597834e-05,0.0664947799986005,0.6015989589962788,49,False,,False,0.15319256279201454,200
1,134,tfim,12,2,0.05,0.01,1.0,-12.445828489547472,0.07569871923296408,active,0.0,0.01814587188231867,0.01814587188257889,4.610529639801891e-05,0.06727384779970967,0.6054478375934093,49,False,,False,0.15319256279201454,200
1,135,tfim,12,2,0.05,0.01,1.0,-12.449746202536511,0.07778410721134565,active,0.0,0.01801582965703566,0.018015829657294116,4.884601281182257e-05,0.06852413354108892,0.6092855461245952,49,False,,False,0.15319256279201454,200
1,136,tfim,12,2,0.05,0.01,1.0,-12.453721245462107,0.07955543773411669,active,0.0,0.017887654491682222,0.017887654491938933,5.054900874858721e-05,0.0701549946936366,0.6131160635623685,49,False,,False,0.15319256279201454,200
1,137,tfim,12,2,0.05,0.01,1.0,-12.457731640402692,0.08085122010116312,active,0.0,0.017761185785863647,0.017761185786118638,5.08908630023815e-05,0.07196013173707838,0.616943084662084,49,False,,False,0.15319256279201454,200
1,138,tfim,12,2,0.05,0.01,1.0,-12.461725446561715,0.0817643848439484,active,0.0,0.017636310116352517,0.017636310116605793,4.9951379114152415e-05,0.07372360851533383,0.6207690672148617,49,False,,False,0.15319256279201454,200
1,139,tfim,12,2,0.05,0.01,1.0,-12.465664446245231,0.08239697115406358,active,0.0,0.01751297213895291,0.017512972139204493,4.809239953195167e-05,0.0752919215687937,0.6245948053954067,49,False,,False,0.15319256279201454,200
1,140,tfim,12,2,0.05,0.01,1.0,-12.469541308293401,0.08267939218773737,active,0.0,0.01739116571891712,0.017391165719167028,4.573561421995436e-05,0.07657556212711449,0.628419601223427,49,False,,False,0.15319256279201454,200
1,141,tfim,12,2,0.05,0.01,1.0,-12.473358503130722,0.08248268950222426,active,0.0,0.01727091768605911,0.01727091768630735,4.3240448163810214e-05,0.07751831026036207,0.6322416904405903,49,False,,False,0.15319256279201454,200
1,142,tfim,12,2,0.05,0.01,1.0,-12.477104193223845,0.08180616929544907,active,0.0,0.017152269054098664,0.017152269054345273,4.089169126039752e-05,0.07808794728205154,0.6360587866695243,49,False,,False,0.15319256279201454,200
1,143,tfim,12,2,0.05,0.01,1.0,-12.48075477921477,0.08073836165986446,active,0.0,0.017035249755409727,0.01703524975565472,3.886258132587462e-05,0.07828601763751128,0.6398688809630542,49,False,,False,0.15319256279201454,200
1,144,tfim,12,2,0.05,0.01,1.0,-12.48428658381673,0.07936684020236282,active,0.0,0.016919857113889807,0.016919857114133213,3.718508752174198e-05,0.07814381518576255,0.6436709764399912,49,False,,False,0.15319256279201454,200
1,145,tfim,12,2,0.05,0.01,1.0,-12.487674069258588,0.07788131545691629,active,0.0,0.016806056918736764,0.016806056918978605,3.58506604923616e-05,0.07771025297807051,0.647465115945339,49,False,,False,0.15319256279201454,200
1,146,tfim,12,2,0.05,0.01,1.0,-12.490890570640904,0.07658705120635569,active,0.0,0.01669380177946871,0.016693801779709003,3.4922075653056535e-05,0.07705371437395553,0.6512518215771869,49,False,,False,0.15319256279201454,200
1,147,tfim,12,2,0.05,0.01,1.0,-12.493926857891092,0.07561211493775845,active,0.0,0.016583043613357478,0.01658304361359625,3.446268492636082e-05,0.07625974324235248,0.6550316928307599,49,False,,False,0.15319256279201454,200
1,148,tfim,12,2,0.05,0.01,1.0,-12.496804631400224,0.07476922457877089,active,0.0,0.016473736196058218,0.016473736196295486,3.440016398373747e-05,0.07540504322213198,0.658805320355596,49,False,,False,0.15319256279201454,200
1,149,tfim,12,2,0.05,0.01,1.0,-12.499565816674075,0.07385148007834301,active,0.0,0.01636583895271609,0.016365838952951874,3.453882423912242e-05,0.07453895811635192,0.6625731500674937,49,False,,False,0.15319256279201454,200
1,150,tfim,12,2,0.05,0.01,1.0,-12.502254631253985,0.07286924862526552,active,0.0,0.016259320075906695,0.016259320076141014,3.465487239975617e-05,0.07369821104807178,0.6663353620271034,49,False,,False,0.15319256279201454,200
1,151,tfim,12,2,0.05,0.01,1.0,-12.504908279096384,0.07193566044532915,active,0.0,0.016154152241265766,0.016154152241498635,3.4533237975673885e-05,0.07292344977071409,0.6700920075648426,49,False,,False,0.15319256279201454,200
1,152,tfim,12,2,0.05,0.01,1.0,-12.507550694975015,0.07110945279434991,active,0.0,0.01605030692508858,0.01605030692532002,3.398610056370972e-05,0.07224715226506853,0.6738432073318537,49,False,,False,0.15319256279201454,200
1,153,tfim,12,2,0.05,0.01,1.0,-12.510188276356534,0.0703644241498085,active,0.0,0.01594775347224546,0.015947753472475484,3.2897745252701145e-05,0.07167005300663339,0.6775891885607214,49,False,,False,0.15319256279201454,200
1,154,tfim,12,2,0.05,0.01,1.0,-12.512813472323296,0.0696235711594419,active,0.0,0.01584646128057456,0.015846461280803182,3.125618358053065e-05,0.07115566176175322,0.6813302088893634,49,False,,False,0.15319256279201454,200
1,155,tfim,12,2,0.05,0.01,1.0,-12.515413642506312,0.06888976210928888,active,0.0,0.015746404778642423,0.015746404778869665,2.916838292995211e-05,0.07065592055701618,0.6850663700043219,49,False,,False,0.15319256279201454,200
1,156,tfim,12,2,0.05,0.01,1.0,-12.517980774058632,0.0683507683291887,active,0.0,0.015647568893477123,0.01564756889370299,2.684667839781293e-05,0.0701581188262833,0.6887974004330377,49,False,,False,0.15319256279201454,200
1,157,tfim,12,2,0.05,0.01,1.0,-12.520519258087951,0.06825177704965196,active,0.0,0.015549947658157467,0.015549947658381984,2.452345194397848e-05,0.06971431600284647,0.6925226879006517,49,False,,False,0.15319256279201454,200
1,158,tfim,12,2,0.05,0.01,1.0,-12.523044643354961,0.06869891632792614,active,0.0,0.015453536156754705,0.015453536156977888,2.2354307617323297e-05,0.06942088609908553,0.696241573262054,49,False,,False,0.15319256279201454,200
1,159,tfim,12,2,0.05,0.01,1.0,-12.525572037073252,0.06965057787201816,active,0.0,0.015358324509398646,0.015358324509620505,2.041142603496762e-05,0.06936659274026541,0.6999535843095148,49,False,,False,0.15319256279201454,200
1,160,tfim,12,2,0.05,0.01,1.0,-12.528105636036607,0.07099902430613014,active,0.0,0.0152642972953628,0.015264297295583358,1.8738087512400195e-05,0.06959391594099847,0.7036584691766465,49,False,,False,0.15319256279201454,200
1,161,tfim,12,2,0.05,0.01,1.0,-12.530638725119438,0.07259873719667205,active,0.0,0.015171435372080247,0.015171435372299513,1.737590375643354e-05,0.07009283917096241,0.7073561353911789,49,False,,False,0.15319256279201454,200
1,162,tfim,12,2,0.05,0.01,1.0,-12.5331611799947,0.07428627722789696,active,0.0,0.015079718179909407,0.015079718180127398,1.6352387325871065e-05,0.07081665885108236,0.7110465648231458,49,False,,False,0.15319256279201454,200
1,163,tfim,12,2,0.05,0.01,1.0,-12.535666591369687,0.07590164962079214,active,0.0,0.014989125496970563,0.014989125497187289,1.5657575211582754e-05,0.07170112551979331,0.7147297453689647,49,False,,False,0.15319256279201454,200
1,164,tfim,12,2,0.05,0.01,1.0,-12.538153352660805,0.07728838783070312,active,0.0,0.014899637501485943,0.014899637501701419,1.5232225578298114e-05,0.07267329176501257,0.7184056681018971,49,False,,False,0.15319256279201454,200
1,165,tfim,12,2,0.05,0.01,1.0,-12.540619248384093,0.07831997083897177,active,0.0,0.014811234153570899,0.014811234153785142,1.4991187963268525e-05,0.07365230927081115,0.7220743526385534,49,False,,False,0.15319256279201454,200
1,166,tfim,12,2,0.05,0.01,1.0,-12.543055802419648,0.07895310263848795,active,0.0,0.014723895194733739,0.014723895194946759,1.4873624720326048e-05,0.07455638624136199,0.7257358480375737,49,False,,False,0.15319256279201454,200
1,167,tfim,12,2,0.05,0.01,1.0,-12.545448955169585,0.07924030477841212,active,0.0,0.014637599958359464,0.014637599958571274,1.4871322529404045e-05,0.07532078682242441,0.7293902417431027,49,False,,False,0.15319256279201454,200
1,168,tfim,12,2,0.05,0.01,1.0,-12.547784713224917,0.07929126546894323,active,0.0,0.01455232647641061,0.014552326476621228,1.5010038989855607e-05,0.07591550841790952,0.7330376992662947,49,False,,False,0.15319256279201454,200
1,169,tfim,12,2,0.05,0.01,1.0,-12.550053290579852,0.0792289726716564,active,0.0,0.014468051351002507,0.014468051351211944,1.5311079162751346e-05,0.0763499198793052,0.7366784729564891,49,False,,False,0.15319256279201454,200
1,170,tfim,12,2,0.05,0.01,1.0,-12.552248815972018,0.07916506990514181,active,0.0,0.01438475180410082,0.014384751804309084,1.5771019490228095e-05,0.07666249499432413,0.7403128156246912,49,False,,False,0.15319256279201454,200
1,171,tfim,12,2,0.05,0.01,1.0,-12.554367484106491,0.07918428589883998,active,0.0,0.014302409153638658,0.014302409153845765,1.636833387719278e-05,0.07690299728026016,0.7439408257381348,49,False,,False,0.15319256279201454,200
1,172,tfim,12,2,0.05,0.01,1.0,-12.55640781543279,0.07932144016835559,active,0.0,0.014221011023728183,0.014221011023934143,1.7076426913206267e-05,0.07711547546053749,0.747562340181216,49,False,,False,0.15319256279201454,200
1,173,tfim,12,2,0.05,0.01,1.0,-12.558372696929736,0.07954206337102651,active,0.0,0.014140550161479186,0.014140550161684013,1.7864326771649308e-05,0.07732649764704994,0.7511769743643161,49,False,,False,0.15319256279201454,200
1,174,tfim,12,2,0.05,0.01,1.0,-12.56027016807511,0.07976076169022647,active,0.0,0.014061020580501881,0.014061020580705588,1.8690567660709978e-05,0.07754102233999009,0.75478428713241,49,False,,False,0.15319256279201454,200
1,175,tfim,12,2,0.05,0.01,1.0,-12.562111896064362,0.07989579794944003,active,0.0,0.013982413588874108,0.013982413589076705,1.9503075368465757e-05,0.07774767356046161,0.7583839609799501,49,False,,False,0.15319256279201454,200
1,176,tfim,12,2,0.05,0.01,1.0,-12.563911070392667,0.07991135475848928,active,0.0,0.01390471541991422,0.01390471542011572,2.0242876986929068e-05,0.0779307102172499,0.7619759182098369,49,False,,False,0.15319256279201454,200
1,177,tfim,12,2,0.05,0.01,1.0,-12.565681040878946,0.07981623587080171,active,0.0,0.013827906670625093,0.013827906670825507,2.0844282132094802e-05,0.07808060357083323,0.7655603586090659,49,False,,False,0.15319256279201454,200
1,178,tfim,12,2,0.05,0.01,1.0,-12.567434289547185,0.07963604626329973,active,0.0,0.013751963250716237,0.01375196325091558,2.1235124049339573e-05,0.07819647051677756,0.769137727197654,49,False,,False,0.15319256279201454,200
1,179,tfim,12,2,0.05,0.01,1.0,-12.569181166603357,0.0793905141545793,active,0.0,0.01367685853901987,0.013676858539218151,2.134570588641995e-05,0.07828089605769872,0.7727086218920353,49,False,,False,0.15319256279201454,200
1,180,tfim,12,2,0.05,0.01,1.0,-12.57092874516944,0.07908955475557172,active,0.0,0.01360256621627339,0.013602566216470621,2.1126838967395285e-05,0.07833329456344143,0.7762736629322623,49,False,,False,0.15319256279201454,200
1,181,tfim,12,2,0.05,0.01,1.0,-12.572680558870939,0.07874109858278838,active,0.0,0.013529062887707902,0.013529062887904097,2.0567224404118085e-05,0.07834745827658739,0.7798333650560682,49,False,,False,0.15319256279201454,200
1,182,tfim,12,2,0.05,0.01,1.0,-12.574437499941093,0.07835757620900025,active,0.0,0.013456329553578625,0.013456329553773788,1.9699119038386443e-05,0.07831431523412705,0.7833880592373702,49,False,,False,0.15319256279201454,200
1,183,tfim,12,2,0.05,0.01,1.0,-12.576199365730702,0.0779571148399984,active,0.0,0.013384351523508045,0.01338435152370219,1.858958038495774e-05,0.07822713383543647,0.7869378875276031,49,False,,False,0.15319256279201454,200
1,184,tfim,12,2,0.05,0.01,1.0,-12.577966265001711,0.0775652538288826,active,0.0,0.013313117238049607,0.013313117238242746,1.7323907257657978e-05,0.0780862945086937,0.790482852660784,49,False,,False,0.15319256279201454,200
1,185,tfim,12,2,0.05,0.01,1.0,-12.57973950139386,0.07721972689425254,active,0.0,0.013242616947402136,0.01324261694759428,1.598946880492089e-05,0.07790259051842263,0.7940228779437823,49,False,,False,0.15319256279201454,200
1,186,tfim,12,2,0.05,0.01,1.0,-12.581521958740531,0.07697157515956637,active,0.0,0.013172841944579952,0.013172841944771106,1.4663584626624597e-05,0.07769865711027514,0.7975578424325397,49,False,,False,0.15319256279201454,200
1,187,tfim,12,2,0.05,0.01,1.0,-12.583317993722268,0.07687549182573958,active,0.0,0.013103784416159878,0.013103784416350054,1.3405903640307707e-05,0.07750735179153771,0.8010875864406045,49,False,,False,0.15319256279201454,200
1,188,tfim,12,2,0.05,0.01,1.0,-12.585132792360811,0.07697156463151467,active,0.0,0.013035437521357602,0.013035437521546811,1.2255724395715542e-05,0.07736605752796692,0.804611905605211,49,False,,False,0.15319256279201454,200
1,189,tfim,12,2,0.05,0.01,1.0,-12.586971407813015,0.07726870643989314,active,0.0,0.01296779527336501,0.012967795273553262,1.1234318714230337e-05,0.07730801517380072,0.8081305550506064,49,False,,False,0.15319256279201454,200
1,190,tfim,12,2,0.05,0.01,1.0,-12.588837957992988,0.0777400265666919,active,0.0,0.012900852064910059,0.01290085206509737,1.0350286033705411e-05,0.07735418084671682,0.811643272606477,49,False,,False,0.15319256279201454,200
1,191,tfim,12,2,0.05,0.01,1.0,-12.590735340908463,0.0783332923253524,active,0.0,0.012834602009213545,0.012834602009399917,9.604856147331476e-06,0.07750936011191556,0.8151498131229651,49,False,,False,0.15319256279201454,200
1,192,tfim,12,2,0.05,0.01,1.0,-12.592665447393006,0.07899006467002895,active,0.0,0.0127690384073693,0.012769038407554742,8.995223249115178e-06,0.07776396449674752,0.8186499778101402,49,False,,False,0.15319256279201454,200
1,193,tfim,12,2,0.05,0.01,1.0,-12.594629594789945,0.07966109358066031,active,0.0,0.012704153492047598,0.01270415349223212,8.515653835261598e-06,0.07809939781543714,0.8221436301060063,49,False,,False,0.15319256279201454,200
1,194,tfim,12,2,0.05,0.01,1.0,-12.596628893920112,0.08030906529559581,active,0.0,0.012639938327432895,0.012639938327616507,8.156943777016034e-06,0.07849332602995165,0.8256307037442683,49,False,,False,0.15319256279201454,200
1,195,tfim,12,2,0.05,0.01,1.0,-12.598664360092437,0.08090125698954719,active,0.0,0.01257638269379118,0.012576382693973895,7.905489343372318e-06,0.07892218022790817,0.8291112119599997,49,False,,False,0.15319256279201454,200
1,196,tfim,12,2,0.05,0.01,1.0,-12.600736706908263,0.08140293566452109,active,0.0,0.012513474994520457,0.012513474994702284,7.743833371207131e-06,0.07936106158029986,0.8325852557851561,49,False,,False,0.15319256279201454,200
1,197,tfim,12,2,0.05,0.01,1.0,-12.602845922132472,0.08177924208296934,active,0.0,0.012451202405913853,0.012451202406094793,7.653877795507572e-06,0.07978323644518602,0.8360530190483648,49,False,,False,0.15319256279201454,200
1,198,tfim,12,2,0.05,0.01,1.0,-12.604990849561181,0.08200357610749436,active,0.0,0.012389551420450312,0.012389551420630382,7.6220043687133845e-06,0.08016112978779928,0.8395147407896257,49,False,,False,0.15319256279201454,200
1,199,tfim,12,2,0.05,0.01,1.0,-12.60716898966611,0.08206465066174301,active,0.0,0.012328508690936211,0.012328508691115412,7.643738055520048e-06,0.08046891032701106,0.842970669074351,49,False,,False,0.15319256279201454,200
1,200,tfim,12,2,0.05,0.01,1.0,-12.60937658823205,0.08196669294227896,active,0.0,0.012268061894789087,0.012268061894967432,7.725688141106414e-06,0.08068529719909176,0.8464210113012932,49,False,,False,0.15319256279201454,200
2,1,tfim,12,2,0.05,0.01,1.0,-10.184201646080227,4.740731388561698,active,0.0,0.0,0.0001,0.0,4.740731388561698,4.999995000005001,49,False,,False,0.2518994464762745,200
2,2,tfim,12,2,0.05,0.01,1.0,-11.092157692923308,2.9989306956027453,active,0.0,0.08853814538202194,0.08853814538426041,0.02921466633775366,3.730842718427789,0.1373050780448542,49,False,,False,0.2518994464762745,200
2,3,tfim,12,2,0.05,0.01,1.0,-11.50953666849361,1.9278131241411933,active,0.0,0.1426423806502529,0.14264238065180804,0.035664490725458714,2.85503546722167,0.1,49,False,,False,0.2518994464762745,200
2,4,tfim,12,2,0.05,0.01,1.0,-11.680307738618637,1.6569218394736982,active,0.0,0.18290396950678034,0.18290396950800045,0.03904248768044046,2.1811573499997885,0.1,49,False,,False,0.2518994464762745,200
2,5,tfim,12,2,0.05,0.01,1.0,-11.76128782125298,1.7297792842099255,active,0.0,0.20479760445386216,0.20479760445488918,0.04324577411200537,1.7358333479629071,0.1,49,False,,False,0.2518994464762745,200
2,6,tfim,12,2,0.05,0.01,1.0,-11.826013794803353,1.7306147545840211,active,0.0,0.21034207992156037,0.21034207992246826,0.04668390236383598,1.4874269465766805,0.1,49,False,,False,0.2518994464762745,200
2,7,tfim,12,2,0.05,0.01,1.0,-11.89390172446752,1.5725606153733849,active,0.0,0.20452258552068672,0.20452258552151972,0.04773771893801775,1.3532072177460688,0.1,49,False,,False,0.2518994464762745,200
2,8,tfim,12,2,0.05,0.01,1.0,-11.959614058609223,1.2968510531617967,active,0.0,0.1926497652811062,0.1926497652818928,0.04632348719883055,1.2501947881029298,0.1,49,False,,False,0.2518994464762745,200
2,9,tfim,12,2,0.05,0.01,1.0,-12.01306055057297,0.978705787023445,active,0.0,0.17891085869939016,0.1789108587001482,0.04349071903945161,1.1327951925805315,0.1,49,False,,False,0.2518994464762745,200
2,10,tfim,12,2,0.05,0.01,1.0,-12.048997765543813,0.7050297837670579,active,0.0,0.1658764104239234,0.1658764104246622,0.04050177082758822,0.9911520033575792,0.1,49,False,,False,0.2518994464762745,200
2,11,tfim,12,2,0.05,0.01,1.0,-12.068784931407594,0.5631497626837698,active,0.0,0.154643018160793,0.15464301816151546,0.038163967394459895,0.8364273123990903,0.1,49,False,,False,0.2518994464762745,200
2,12,tfim,12,2,0.05,0.01,1.0,-12.077916523903427,0.5662424553193212,active,0.0,0.14529569479604135,0.1452956947967464,0.03663981609520527,0.6889334595646187,0.1,49,False,,False,0.2518994464762745,200
2,13,tfim,12,2,0.05,0.01,1.0,-12.08255222233175,0.6186321815301148,active,0.0,0.1374238247526472,0.13742382475333267,0.03562489608580915,0.5696097816537758,0.1,49,False,,False,0.2518994464762745,200
2,14,tfim,12,2,0.05,0.01,1.0,-12.087052695544585,0.6433989336621229,active,0.0,0.13052081790723133,0.13052081790789602,0.03466292883120256,0.49122608147318436,0.1,49,False,,False,0.2518994464762745,200
2,15,tfim,12,2,0.05,0.01,1.0,-12.093175201177635,0.6182374182932308,active,0.0,0.1242052369188788,0.12420523691952268,0.03340510499776595,0.4501203000905314,0.1,49,False,,False,0.2518994464762745,200
2,16,tfim,12,2,0.05,0.01,1.0,-12.10060329634979,0.5490768420010557,active,0.0,0.11828258872615953,0.11828258872678361,0.03172506820554402,0.42868178926686457,0.10349173563095991,49,False,,False,0.2518994464762745,200
2,17,tfim,12,2,0.05,0.01,1.0,-12.108069200707885,0.45417966444630986,active,0.0,0.11270690829208212,0.11270690829268758,0.029697646954034162,0.40890565796068284,0.10850043555598138,49,False,,False,0.2518994464762745,200
2,18,tfim,12,2,0.05,0.01,1.0,-12.114383504725275,0.3574424076940583,active,0.0,0.10750536430780867,0.10750536430839637,0.027502644877010558,0.38135817832397134,0.11363081968390559,49,False,,False,0.2518994464762745,200
2,19,tfim,12,2,0.05,0.01,1.0,-12.118994161089386,0.28442947560060694,active,0.0,0.10271169662488229,0.1027116966254527,0.025321937479377703,0.3451897324310584,0.11880808031778838,49,False,,False,0.2518994464762745,200
2,20,tfim,12,2,0.05,0.01,1.0,-12.12203511181203,0.2522332943318896,active,0.0,0.09832978301719464,0.09832978301774786,0.023274561012250894,0.30490853121992206,0.12397130407332226,49,False,,False,0.2518994464762745,200
2,21,tfim,12,2,0.05,0.01,1.0,-12.124048997873794,0.2524815829963711,active,0.0,0.09432775094184513,0.09432775094238123,0.02140164816697743,0.2670975008263567,0.12909521862972392,49,False,,False,0.2518994464762745,200
2,22,tfim,12,2,0.05,0.01,1.0,-12.12563135122163,0.2601452986535939,active,0.0,0.0906512622249006,0.09065126222541976,0.019687904975744894,0.23735803022521154,0.13419034123600665,49,False,,False,0.2518994464762745,200
2,23,tfim,12,2,0.05,0.01,1.0,-12.127180444776943,0.2578493489381434,active,0.0,0.08724220074650156,0.0872422007470043,0.018096344658361258,0.2176235237685944,0.13928786621903325,49,False,,False,0.2518994464762745,200
2,24,tfim,12,2,0.05,0.01,1.0,-12.128821307107229,0.2404264525859135,active,0.0,0.0840528458160535,0.08405284581654053,0.01659656027219682,0.20538580415667962,0.1444204349503949,49,False,,False,0.2518994464762745,200
2,25,tfim,12,2,0.05,0.01,1.0,-12.130472170255306,0.21029386819908438,active,0.0,0.08105160321932643,0.08105160321979857,0.01517724331343146,0.19589632114288943,0.14960813610202836,49,False,,False,0.2518994464762745,200
2,26,tfim,12,2,0.05,0.01,1.0,-12.131972710878658,0.17383339904542583,active,0.0,0.07822132392258795,0.07822132392304608,0.013843957411019731,0.18521855795916561,0.15485374874244104,49,False,,False,0.2518994464762745,200
2,27,tfim,12,2,0.05,0.01,1.0,-12.133196949377723,0.13936037871746365,active,0.0,0.07555372132252558,0.07555372132297054,0.01260909877519544,0.1716783849266523,0.16014610690992576,49,False,,False,0.2518994464762745,200
2,28,tfim,12,2,0.05,0.01,1.0,-12.134108527447214,0.11521344488394668,active,0.0,0.07304348831282631,0.07304348831325883,0.01148169545649916,0.15571636912458323,0.1654675984059458,49,False,,False,0.2518994464762745,200
2,29,tfim,12,2,0.05,0.01,1.0,-12.134756014000619,0.10544231671159464,active,0.0,0.07068436866711787,0.0706843686675386,0.01046186883613328,0.13908756120342966,0.17080149491830732,49,False,,False,0.2518994464762745,200
2,30,tfim,12,2,0.05,0.01,1.0,-12.135232181400259,0.10564192065227226,active,0.0,0.06846776555744076,0.06846776555785027,0.009540930027987083,0.12392579199122475,0.1761362988037414,49,False,,False,0.2518994464762745,200
2,31,tfim,12,2,0.05,0.01,1.0,-12.13562773399976,0.10761116947676155,active,0.0,0.06638325857428945,0.06638325857468828,0.008705235034640489,0.11182881297344392,0.18146643763742484,49,False,,False,0.2518994464762745,200
2,32,tfim,12,2,0.05,0.01,1.0,-12.136001220964287,0.10609972465965584,active,0.0,0.06441993547747636,0.064419935477865,0.007940926504630377,0.10318320407729593,0.1867903703707436,49,False,,False,0.2518994464762745,200
2,33,tfim,12,2,0.05,0.01,1.0,-12.136372119698144,0.0997344345831044,active,0.0,0.06256760225119762,0.06256760225157654,0.007237294117687402,0.09713314319872714,0.19210788606399298,49,False,,False,0.2518994464762745,200
2,34,tfim,12,2,0.05,0.01,1.0,-12.136731758940156,0.08962946943724158,active,0.0,0.06081739597469046,0.06081739597506013,0.006587848173457342,0.09226397644991269,0.197418092043004,49,False,,False,0.2518994464762745,200
2,35,tfim,12,2,0.05,0.01,1.0,-12.13706117166066,0.07818737006051116,active,0.0,0.05916178101421515,0.059161781014575976,0.005989466259740099,0.08742071857239762,0.20271875524194533,49,False,,False,0.2518994464762745,200
2,36,tfim,12,2,0.05,0.01,1.0,-12.137346015851646,0.06817813283885078,active,0.0,0.05759417983529447,0.05759417983564683,0.005440639160969867,0.08211199003470246,0.20800682385952876,49,False,,False,0.2518994464762745,200
2,37,tfim,12,2,0.05,0.01,1.0,-12.137583513718404,0.061691278449182235,local_min,0.0,0.05610854269850968,0.05610854269885398,0.0049398436147213495,0.07647289048505126,0.21327947925787885,49,False,,False,0.2518994464762745,200
2,38,tfim,12,2,0.05,0.01,1.0,-12.137781536268438,0.05903074276283024,local_min,0.0,0.05469906380132036,0.05469906380165693,0.004484644674316366,0.0710018974302432,0.2185350357670341,49,False,,False,0.2518994464762745,200
2,39,tfim,12,2,0.05,0.01,1.0,-12.13795319042807,0.05870480486302434,local_min,0.0,0.05336010604034558,0.05336010604067476,0.004071610801757828,0.06624164230676477,0.22377328520534,49,False,,False,0.2518994464762745,200
2,40,tfim,12,2,0.05,0.01,1.0,-12.138110903569974,0.05880244878304235,local_min,0.0,0.05208628243580867,0.052086282436130754,0.003696761406515491,0.06251382671598987,0.22899525063300258,49,False,,False,0.2518994464762745,200
2,41,tfim,12,2,0.05,0.01,1.0,-12.146334655821974,0.10506638043445889,active,0.0,0.05088055417594093,0.050880554176256344,0.0033934910834059764,0.05874342689221063,0.2341676591325968,49,False,,False,0.2518994464762745,200
2,42,tfim,12,2,0.05,0.01,1.0,-12.157317546968992,0.1261144381117496,active,0.0,0.049739870587823365,0.04973987058813253,0.003132886937218324,0.0625751990968632,0.23928082633327905,49,False,,False,0.2518994464762745,200
2,43,tfim,12,2,0.05,0.01,1.0,-12.171875301042503,0.10300160470283881,active,0.0,0.048656139650348124,0.04865613965065135,0.0028756499886506853,0.06607715360919447,0.2443499348184319,49,False,,False,0.2518994464762745,200
2,44,tfim,12,2,0.05,0.01,1.0,-12.185028706031352,0.08859953679905275,active,0.0,0.04762842919453575,0.047628429194833406,0.0026376288130355425,0.06305166338544639,0.24935948677130793,49,False,,False,0.2518994464762745,200
2,45,tfim,12,2,0.05,0.01,1.0,-12.193054366034398,0.10192618747277106,active,0.0,0.046651961642848155,0.04665196164314057,0.002435069485821797,0.0574061124249009,0.25431333656721855,49,False,,False,0.2518994464762745,200
2,46,tfim,12,2,0.05,0.01,1.0,-12.196166987051084,0.09419622130046865,active,0.0,0.04571197008671702,0.04571197008700434,0.002247101668165727,0.05192981212731785,0.25927169807285383,49,False,,False,0.2518994464762745,200
2,47,tfim,12,2,0.05,0.01,1.0,-12.195711438891111,0.06422337900728889,active,0.0,0.04479692153932805,0.04479692153961026,0.002061741755998589,0.04334886785745764,0.26428779997629603,49,False,,False,0.2518994464762745,200
2,48,tfim,12,2,0.05,0.01,1.0,-12.193231435405766,0.06478757872774407,active,0.0,0.04390796490195831,0.043907964902235475,0.00189515858601524,0.030991941821580805,0.2693503012474649,49,False,,False,0.2518994464762745,200
2,49,tfim,12,2,0.05,0.01,1.0,-12.190949199315378,0.08686622777757311,active,0.0,0.043048782579928384,0.0430487825802006,0.0017524093862140257,0.024028180994567327,0.27443102989608115,49,False,,False,0.2518994464762745,200
2,50,tfim,12,2,0.05,0.01,1.0,-12.190806527230047,0.08448366689443663,active,0.0,0.04221974359136155,0.042219743591628965,0.001615787995832194,0.028011073391951778,0.27951858166776594,49,False,,False,0.2518994464762745,200
2,51,tfim,12,2,0.05,0.01,1.0,-12.192498653564519,0.06015095857282627,active,0.0,0.04142175743642965,0.04142175743669244,0.0014772053940626782,0.031125865009919155,0.2845969746679534,49,False,,False,0.2518994464762745,200
2,52,tfim,12,2,0.05,0.01,1.0,-12.194463762819145,0.0458882477923517,active,0.0,0.040656036865898776,0.040656036866157125,0.0013467846935622354,0.029559815613537033,0.28964659833629924,49,False,,False,0.2518994464762745,200
2,53,tfim,12,2,0.05,0.01,1.0,-12.196139656002963,0.04837387811082054,active,0.0,0.039921247785720745,0.03992124778597484,0.0012288430569699076,0.027110515457914354,0.29466363946862684,49,False,,False,0.2518994464762745,200
2,54,tfim,12,2,0.05,0.01,1.0,-12.197542843099917,0.04223109138485303,active,0.0,0.03921272019105515,0.039212720191305145,0.0011185231815058737,0.02562813188439557,0.29966876275569737,49,False,,False,0.2518994464762745,200
2,55,tfim,12,2,0.05,0.01,1.0,-12.19834276535901,0.032602041710223864,active,0.0,0.0385272504543678,0.03852725045461378,0.0010152344075451583,0.023863216461983312,0.30467552906608236,49,False,,False,0.2518994464762745,200
2,56,tfim,12,2,0.05,0.01,1.0,-12.198490033277698,0.03173239708199569,active,0.0,0.03786402568448587,0.037864025684727964,0.0009211941391301806,0.02195426899343898,0.30968167851999573,49,False,,False,0.2518994464762745,200
2,57,tfim,12,2,0.05,0.01,1.0,-12.198394888471025,0.030004131898496846,active,0.0,0.03722249800643213,0.03722249800667044,0.0008355470150860693,0.02056869149849371,0.31468311009212313,49,False,,False,0.2518994464762745,200
2,58,tfim,12,2,0.05,0.01,1.0,-12.198286878651205,0.026291820356907407,active,0.0,0.03660233384957285,0.03660233384980749,0.0007574177145840901,0.0193275337139743,0.31967399308958555,49,False,,False,0.2518994464762745,200
2,59,tfim,12,2,0.05,0.01,1.0,-12.1982121289417,0.02852387769588802,active,0.0,0.03600275787638789,0.03600275787661896,0.0006872368110957932,0.01856972550629046,0.32465204774423706,49,False,,False,0.2518994464762745,200
2,60,tfim,12,2,0.05,0.01,1.0,-12.19830109662846,0.030545424204483036,local_min,0.0,0.03542273046421024,0.03542273046443786,0.0006239437968324496,0.018832878592462046,0.3296175940641445,49,False,,False,0.2518994464762745,200
2,61,tfim,12,2,0.05,0.01,1.0,-12.19857377599448,0.029727475534160847,local_min,0.0,0.034860634767124365,0.03486063476734863,0.0005663762887646787,0.019419242028632384,0.3345767340804816,49,False,,False,0.2518994464762745,200
2,62,tfim,12,2,0.05,0.01,1.0,-12.198885698645793,0.031746412227759785,local_min,0.0,0.03431622295366044,0.034316222953881446,0.0005147395127937949,0.019807969991540688,0.3395242137392222,49,False,,False,0.2518994464762745,200
2,63,tfim,12,2,0.05,0.01,1.0,-12.199151132662504,0.03778799473444168,local_min,0.0,0.03378876544411571,0.03378876544433356,0.00046958757329393434,0.02016480979972525,0.3444592006884846,49,False,,False,0.2518994464762745,200
2,64,tfim,12,2,0.05,0.01,1.0,-12.199337524235105,0.04886554678830702,local_min,0.0,0.03327880552635073,0.03327880552656553,0.00043216291397467024,0.02059254939867654,0.34936882164419447,49,False,,False,0.2518994464762745,200
2,65,tfim,12,2,0.05,0.01,1.0,-12.199371364598372,0.07042727410282443,local_min,0.0,0.0327856442738664,0.03278564427407824,0.0004074243934142543,0.021526012910562144,0.3542516899324026,49,False,,False,0.2518994464762745,200
2,66,tfim,12,2,0.05,0.01,1.0,-12.19915609589019,0.10709593022509159,local_min,0.0,0.03231206170538311,0.03231206170559218,0.00040772535025891107,0.02404651588133096,0.3590709222599642,49,False,,False,0.2518994464762745,200
2,67,tfim,12,2,0.05,0.01,1.0,-12.198523965105927,0.16160648376599204,local_min,0.0,0.03185980914117978,0.031859809141386246,0.0004594140445007327,0.028960538970152078,0.363797104900858,49,False,,False,0.2518994464762745,200
2,68,tfim,12,2,0.05,0.01,1.0,-12.197415908547166,0.22442280499331801,local_min,0.0,0.03143684234266544,0.03143684234286961,0.0005921260914902374,0.034684813787596136,0.36833123579847316,49,False,,False,0.2518994464762745,200
2,69,tfim,12,2,0.05,0.01,1.0,-12.19697626991043,0.24804363568556573,local_min,0.0,0.03103011635208805,0.03103011635229005,0.0007551740281559728,0.03413530407520445,0.3727991557423775,49,False,,False,0.2518994464762745,200
2,70,tfim,12,2,0.05,0.01,1.0,-12.198609798746924,0.1779337820112307,local_min,0.0,0.030618779322180226,0.03061877932237987,0.000798946376941884,0.024818537748556545,0.37742934106436643,49,False,,False,0.2518994464762745,200
2,71,tfim,12,2,0.05,0.01,1.0,-12.200152157196232,0.06331660416707507,local_min,0.0,0.030201160648403485,0.030201160648600595,0.0007364440129522131,0.022002156010782255,0.3822494002208074,49,False,,False,0.2518994464762745,200
2,72,tfim,12,2,0.05,0.01,1.0,-12.199994956025856,0.10579141039881786,local_min,0.0,0.02979911690066835,0.029799116900863037,0.0007034743345498124,0.02611971234843271,0.3870074550621137,49,False,,False,0.2518994464762745,200
2,73,tfim,12,2,0.05,0.01,1.0,-12.199786810866714,0.13764051390890542,local_min,0.0,0.029413364929390822,0.02941336492958323,0.0007027372146196886,0.026180972408127924,0.39168539727612844,49,False,,False,0.2518994464762745,200
2,74,tfim,12,2,0.05,0.01,1.0,-12.200249870511952,0.11004308102237241,local_min,0.0,0.029032512657914702,0.029032512658104817,0.0006783520391218338,0.023778036845227547,0.39641620522181803,49,False,,False,0.2518994464762745,200
2,75,tfim,12,2,0.05,0.01,1.0,-12.200784942699508,0.07118415174704652,local_min,0.0,0.028658273093059072,0.028658273093246898,0.0006305338253222491,0.022644446371180408,0.40117752866864514,49,False,,False,0.2518994464762745,200
2,76,tfim,12,2,0.05,0.01,1.0,-12.201092106236676,0.060463721655461315,local_min,0.0,0.028292765828664117,0.028292765828849705,0.0005816783474614954,0.02306034709072346,0.40593946820832294,49,False,,False,0.2518994464762745,200
2,77,tfim,12,2,0.05,0.01,1.0,-12.201126716607721,0.07852578937823423,local_min,0.0,0.02793728741722908,0.027937287417412488,0.0005462567413343118,0.024086816248212156,0.41068045262874586,49,False,,False,0.2518994464762745,200
2,78,tfim,12,2,0.05,0.01,1.0,-12.201247058818721,0.08255944439740086,local_min,0.0,0.0275919090443895,0.0275919090445708,0.0005169084366898939,0.023814931793649238,0.41539401648050406,49,False,,False,0.2518994464762745,200
2,79,tfim,12,2,0.05,0.01,1.0,-12.201692722671016,0.05267119880582063,local_min,0.0,0.027252241180514124,0.027252241180693308,0.0004760489401962775,0.022758993346476738,0.4201363814516862,49,False,,False,0.2518994464762745,200
2,80,tfim,12,2,0.05,0.01,1.0,-12.20204230231314,0.026128602941652247,local_min,0.0,0.026919823048419427,0.02691982304859655,0.000431040007610183,0.023180108222726165,0.42488355273988226,49,False,,False,0.2518994464762745,200
2,81,tfim,12,2,0.05,0.01,1.0,-12.202133480089385,0.05303636314998541,local_min,0.0,0.026596731805891685,0.02659673180606681,0.0003977114302820633,0.024191789209691176,0.42960147584221936,49,False,,False,0.2518994464762745,200
2,82,tfim,12,2,0.05,0.01,1.0,-12.202319588796556,0.060022519232716134,local_min,0.0,0.026281244077621363,0.02628124407779452,0.00037063664617867755,0.024290418951282252,0.43431058367427633,49,False,,False,0.2518994464762745,200
2,83,tfim,12,2,0.05,0.01,1.0,-12.2026670365596,0.044496514196684586,local_min,0.0,0.02597283425152444,0.02597283425169568,0.0003403229702424432,0.024150134575293965,0.4390149147794608,49,False,,False,0.2518994464762745,200
2,84,tfim,12,2,0.05,0.01,1.0,-12.202968267243863,0.03355565588452948,local_min,0.0,0.025670960922983446,0.025670960923152793,0.00030961794882716754,0.02447267085410576,0.44371929395221904,49,False,,False,0.2518994464762745,200
2,85,tfim,12,2,0.05,0.01,1.0,-12.20320888255442,0.037102433214285434,local_min,0.0,0.02537617187137706,0.025376171871544572,0.0002826198495029877,0.02493193450413051,0.4484116017309341,49,False,,False,0.2518994464762745,200
2,86,tfim,12,2,0.05,0.01,1.0,-12.203472482102208,0.03967706018352261,local_min,0.0,0.025088300927968293,0.025088300928133998,0.0002588433451589652,0.025336151813382394,0.45309056545056814,49,False,,False,0.2518994464762745,200
2,87,tfim,12,2,0.05,0.01,1.0,-12.203755987872903,0.0414217756524867,local_min,0.0,0.024806761095415696,0.024806761095579635,0.0002377557915981127,0.02576238323566938,0.45776204698599005,49,False,,False,0.2518994464762745,200
2,88,tfim,12,2,0.05,0.01,1.0,-12.204052095748365,0.04203184440308618,local_min,0.0,0.024531627850235212,0.02453162785039742,0.00021879739420576583,0.02613107304794691,0.46242123904639865,49,False,,False,0.2518994464762745,200
2,89,tfim,12,2,0.05,0.01,1.0,-12.20437873684448,0.03798671505954216,local_min,0.0,0.024262325710749977,0.0242623257109105,0.00020041901226595685,0.02643643858269452,0.4670744600979433,49,False,,False,0.2518994464762745,200
2,90,tfim,12,2,0.05,0.01,1.0,-12.204719530900734,0.03380258415624226,local_min,0.0,0.02399869946006487,0.023998699460223732,0.00018258061840653584,0.02684549643750159,0.4717212193577727,49,False,,False,0.2518994464762745,200
2,91,tfim,12,2,0.05,0.01,1.0,-12.205048417585056,0.03691146874271108,local_min,0.0,0.02374093031550903,0.023740930315666254,0.0001670714877092806,0.027406962749984096,0.4763550170980278,49,False,,False,0.2518994464762745,200
2,92,tfim,12,2,0.05,0.01,1.0,-12.205373861651298,0.044068129782481626,local_min,0.0,0.023488726871623577,0.023488726871779216,0.00015499585085997398,0.028016983912219698,0.4809777277394881,49,False,,False,0.2518994464762745,200
2,93,tfim,12,2,0.05,0.01,1.0,-12.205710934700502,0.05109841612986597,local_min,0.0,0.023242338981385207,0.023242338981539306,0.00014634186141147993,0.028656534434784654,0.4855813139235604,49,False,,False,0.2518994464762745,200
2,94,tfim,12,2,0.05,0.01,1.0,-12.206046071229723,0.06029109334754113,local_min,0.0,0.023001264273973563,0.023001264274126142,0.0001420037155635671,0.029441846410543565,0.49017172796911507,49,False,,False,0.2518994464762745,200
2,95,tfim,12,2,0.05,0.01,1.0,-12.20634339049299,0.07551744067175403,local_min,0.0,0.02276639299118861,0.02276639299133972,0.0001452201757560674,0.030536853489182853,0.49472826483537174,49,False,,False,0.2518994464762745,200
2,96,tfim,12,2,0.05,0.01,1.0,-12.206557951220198,0.09843919170477365,local_min,0.0,0.022537657335307493,0.022537657335457168,0.00016205831992657563,0.03210528624087954,0.4992479361978075,49,False,,False,0.2518994464762745,200
2,97,tfim,12,2,0.05,0.01,1.0,-12.206637832009065,0.12879065836601933,local_min,0.0,0.022316973246264315,0.022316973246412658,0.00020153257484301434,0.034274547074666976,0.5036874810131375,49,False,,False,0.2518994464762745,200
2,98,tfim,12,2,0.05,0.01,1.0,-12.206598487783095,0.16154568417920698,local_min,0.0,0.022104222510220737,0.022104222510367814,0.0002710024991256454,0.03666150816405145,0.5080428257670148,49,False,,False,0.2518994464762745,200
2,99,tfim,12,2,0.05,0.01,1.0,-12.20669873791583,0.18280144051307742,local_min,0.0,0.02189936828637945,0.021899368286525344,0.00036043511001931407,0.03797619542276993,0.5123082930883579,49,False,,False,0.2518994464762745,200
2,100,tfim,12,2,0.05,0.01,1.0,-12.207449647184141,0.17060960511812046,local_min,0.0,0.02169618029147609,0.021696180291620782,0.0004271669196414942,0.03662515494392653,0.5166104136229102,49,False,,False,0.2518994464762745,200
2,101,tfim,12,2,0.05,0.01,1.0,-12.208838636155257,0.11624078202369338,local_min,0.0,0.02149078575516657,0.021490785755309997,0.0004320100444493927,0.03408295876073792,0.5210333177488675,49,False,,False,0.2518994464762745,200
2,102,tfim,12,2,0.05,0.01,1.0,-12.209983638613384,0.05481733303665368,local_min,0.0,0.02128492195099248,0.021284921951134596,0.00039743114420129263,0.0338585843237386,0.5255429768446631,49,False,,False,0.2518994464762745,200
2,103,tfim,12,2,0.05,0.01,1.0,-12.210432454165902,0.0768413485542072,local_min,0.0,0.021083881732118174,0.02108388173225902,0.0003753637976795796,0.035789731803310125,0.5300229545299681,49,False,,False,0.2518994464762745,200
2,104,tfim,12,2,0.05,0.01,1.0,-12.210719791060582,0.11106894459678494,local_min,0.0,0.02088969783067007,0.02088969783080971,0.000378493303154988,0.037212141057507704,0.5344232642266563,49,False,,False,0.2518994464762745,200
2,105,tfim,12,2,0.05,0.01,1.0,-12.211404135720176,0.10998072519929947,local_min,0.0,0.02069848455639258,0.02069848455653103,0.00038097690859213365,0.0372334753915499,0.5388282421010511,49,False,,False,0.2518994464762745,200
2,106,tfim,12,2,0.05,0.01,1.0,-12.212359821200257,0.08710122207416261,local_min,0.0,0.020509523796190296,0.02050952379632755,0.000366848141402486,0.03722427395334719,0.5432532525482558,49,False,,False,0.2518994464762745,200
2,107,tfim,12,2,0.05,0.01,1.0,-12.213147474542962,0.0829785908817797,local_min,0.0,0.020323333523431252,0.02032333352356733,0.00035076525905205846,0.03830795028560044,0.5476850530162223,49,False,,False,0.2518994464762745,200
2,108,tfim,12,2,0.05,0.01,1.0,-12.213700405998454,0.10601668017195505,local_min,0.0,0.02014251610281832,0.020142516102953267,0.0003512612858030262,0.03996371650622675,0.552058727179057,49,False,,False,0.2518994464762745,200
2,109,tfim,12,2,0.05,0.01,1.0,-12.214266702630606,0.127205459924711,local_min,0.0,0.019966542636118842,0.0199665426362527,0.0003692541551995079,0.041407997976715565,0.5563828316399257,49,False,,False,0.2518994464762745,200
2,110,tfim,12,2,0.05,0.01,1.0,-12.21495125270088,0.14101673146472307,local_min,0.0,0.019795488013665916,0.019795488013798736,0.0003985569572127321,0.042757370473899325,0.5606514910420197,49,False,,False,0.2518994464762745,200
2,111,tfim,12,2,0.05,0.01,1.0,-12.215636343162231,0.15648216699430903,local_min,0.0,0.01962864363281285,0.01962864363294466,0.0004410731335739925,0.044394421867971434,0.5648786611244474,49,False,,False,0.2518994464762745,200
2,112,tfim,12,2,0.05,0.01,1.0,-12.21628193585738,0.17506370249512268,local_min,0.0,0.01946772513586689,0.01946772513599776,0.0005012268238884279,0.04612114061755654,0.5690165231105264,49,False,,False,0.2518994464762745,200
2,113,tfim,12,2,0.05,0.01,1.0,-12.217105683437088,0.18531598398632895,local_min,0.0,0.01931013740855876,0.019310137408688713,0.0005690384148185141,0.047133410800394536,0.5731279144658186,49,False,,False,0.2518994464762745,200
2,114,tfim,12,2,0.05,0.01,1.0,-12.218371784301173,0.1758757801189007,local_min,0.0,0.019154847178924954,0.019154847179053996,0.0006185491788155721,0.04706334347348858,0.5772379021483265,49,False,,False,0.2518994464762745,200
2,115,tfim,12,2,0.05,0.01,1.0,-12.220081589492949,0.14401653828080785,active,0.0,0.01899773358189692,0.018997733582025,0.0006269362538127936,0.04632367903444399,0.581456575351958,49,False,,False,0.2518994464762745,200
2,116,tfim,12,2,0.05,0.01,1.0,-12.221923251671605,0.09871431166922186,active,0.0,0.018839802980420078,0.018839802980547153,0.000594515262859637,0.045966603807572934,0.585759791084747,49,False,,False,0.2518994464762745,200
2,117,tfim,12,2,0.05,0.01,1.0,-12.223567055785505,0.06187557644695196,active,0.0,0.018682112897173263,0.018682112897299322,0.0005430261100547123,0.04656500739684773,0.5901204750148853,49,False,,False,0.2518994464762745,200
2,118,tfim,12,2,0.05,0.01,1.0,-12.22495004028379,0.06313208405898046,active,0.0,0.0185271071482373,0.018527107148362355,0.0004961506418290204,0.047905108687761475,0.5944706718665861,49,False,,False,0.2518994464762745,200
2,119,tfim,12,2,0.05,0.01,1.0,-12.226236132660054,0.08579041744388594,active,0.0,0.018375973756273888,0.01837597375639798,0.00046526919422405603,0.049469798804800076,0.5987743924667168,49,False,,False,0.2518994464762745,200
2,120,tfim,12,2,0.05,0.01,1.0,-12.227603338187748,0.1049950949414286,active,0.0,0.018228390685385495,0.01822839068550865,0.00045008893317307805,0.05095232131289752,0.6030375769219342,49,False,,False,0.2518994464762745,200
2,121,tfim,12,2,0.05,0.01,1.0,-12.229105622895474,0.11952111963687309,active,0.0,0.01808449041527774,0.01808449041539999,0.00044758513450539935,0.05243365981580642,0.6072532391955375,49,False,,False,0.2518994464762745,200
2,122,tfim,12,2,0.05,0.01,1.0,-12.230653061022293,0.13775870015763395,active,0.0,0.017944469557859197,0.017944469557980586,0.00046142287249378557,0.05424353099752231,0.6114122176705851,49,False,,False,0.2518994464762745,200
2,123,tfim,12,2,0.05,0.01,1.0,-12.232062035345567,0.1696074965316397,active,0.0,0.017809892086879227,0.017809892086999807,0.0005079108984589049,0.05682512008658789,0.6154635587363098,49,False,,False,0.2518994464762745,200
2,124,tfim,12,2,0.05,0.01,1.0,-12.23323116647428,0.21363682502548065,active,0.0,0.01768347268809573,0.017683472688215615,0.0006093753222287038,0.06003982481366066,0.6193185208943868,49,False,,False,0.2518994464762745,200
2,125,tfim,12,2,0.05,0.01,1.0,-12.234616804149894,0.24547960015533837,active,0.0,0.017563472338795155,0.01756347233891442,0.0007541570370274441,0.0619991569442181,0.623022686769579,49,False,,False,0.2518994464762745,200
2,126,tfim,12,2,0.05,0.01,1.0,-12.237318924251655,0.22441634612653633,active,0.0,0.017442615183646145,0.017442615183764748,0.0008523808260575497,0.060393842823925216,0.6267983570808044,49,False,,False,0.2518994464762745,200
2,127,tfim,12,2,0.05,0.01,1.0,-12.24122325360923,0.1371043235911896,active,0.0,0.017312760381191113,0.017312760381308908,0.0008284859714030307,0.05780488437576121,0.6309064553468537,49,False,,False,0.2518994464762745,200
2,128,tfim,12,2,0.05,0.01,1.0,-12.2443930408207,0.07243041676789039,active,0.0,0.017180659106848517,0.017180659106965458,0.0007551492224716401,0.05875217661894732,0.6351412492987648,49,False,,False,0.2518994464762745,200
2,129,tfim,12,2,0.05,0.01,1.0,-12.246463663610724,0.1300337467252032,active,0.0,0.017054412737607594,0.017054412737723745,0.0007293621532629095,0.06103702313425179,0.6392418207402927,49,False,,False,0.2518994464762745,200
2,130,tfim,12,2,0.05,0.01,1.0,-12.24900842937131,0.14831485490783639,active,0.0,0.016931601781556897,0.01693160178167229,0.0007259761186218942,0.061152954301929616,0.6432819348767882,49,False,,False,0.2518994464762745,200
2,131,tfim,12,2,0.05,0.01,1.0,-12.252536716737456,0.1025417273342091,active,0.0,0.01680714895852628,0.016807148958640876,0.0006826400452285723,0.06010544159213889,0.6474284944027745,49,False,,False,0.2518994464762745,200
2,132,tfim,12,2,0.05,0.01,1.0,-12.255981413849334,0.06325861967486922,active,0.0,0.016682497275353654,0.01668249727546743,0.000618993970345855,0.06042584998022586,0.6516356130007852,49,False,,False,0.2518994464762745,200
2,133,tfim,12,2,0.05,0.01,1.0,-12.259016432599832,0.09445243213860545,active,0.0,0.016561206756122937,0.01656120675623593,0.0005788511588882239,0.06123010759442997,0.6557821086815198,49,False,,False,0.2518994464762745,200
2,134,tfim,12,2,0.05,0.01,1.0,-12.262392107640194,0.10231397589636457,active,0.0,0.016442400120037965,0.016442400120150198,0.0005492581053359192,0.06094908520476872,0.6598951701500129,49,False,,False,0.2518994464762745,200
2,135,tfim,12,2,0.05,0.01,1.0,-12.266269158780506,0.07523364538131669,active,0.0,0.016323821921732727,0.01632382192184419,0.0005058550961465209,0.06030524176809118,0.6640520927069602,49,False,,False,0.2518994464762745,200
2,136,tfim,12,2,0.05,0.01,1.0,-12.270157857271908,0.06474154033769794,active,0.0,0.01620657492028965,0.016206574920400344,0.0004612101501972091,0.060253123751091334,0.668214164416959,49,False,,False,0.2518994464762745,200
2,137,tfim,12,2,0.05,0.01,1.0,-12.274032215845757,0.08061390455926443,active,0.0,0.01609190715032702,0.01609190715043697,0.0004294392560637544,0.060258684733486154,0.6723354531674015,49,False,,False,0.2518994464762745,200
2,138,tfim,12,2,0.05,0.01,1.0,-12.278201621511686,0.07913143082921577,active,0.0,0.015978773921883727,0.015978773921992942,0.00040051192552237064,0.05987389809941448,0.6764517149088247,49,False,,False,0.2518994464762745,200
2,139,tfim,12,2,0.05,0.01,1.0,-12.282597903068451,0.06513179353734416,active,0.0,0.015866791934236995,0.015866791934345478,0.0003672436989962665,0.05961755874600267,0.6805760278287388,49,False,,False,0.2518994464762745,200
2,140,tfim,12,2,0.05,0.01,1.0,-12.28696547585041,0.0655917283417427,active,0.0,0.01575648477345731,0.015756484773565074,0.0003372262635630251,0.059739469372554636,0.6846881227898353,49,False,,False,0.2518994464762745,200
2,141,tfim,12,2,0.05,0.01,1.0,-12.291281390707606,0.07263529430251504,active,0.0,0.015648023312069863,0.01564802331217692,0.0003136762255250392,0.059858968287090975,0.6887801532487638,49,False,,False,0.2518994464762745,200
2,142,tfim,12,2,0.05,0.01,1.0,-12.295563293331604,0.06967178214141574,active,0.0,0.015541077000058546,0.015541077000164908,0.00029107898598731676,0.059816603047938136,0.6928631959057349,49,False,,False,0.2518994464762745,200
2,143,tfim,12,2,0.05,0.01,1.0,-12.299651860696766,0.06395883130164275,active,0.0,0.015435392182878824,0.015435392182984497,0.0002680639004913568,0.059757167810101,0.69694591175808,49,False,,False,0.2518994464762745,200
2,144,tfim,12,2,0.05,0.01,1.0,-12.303409131124706,0.06543023651744313,active,0.0,0.015331248192800009,0.015331248192905003,0.0002482067896822298,0.059677550124413156,0.701016446650448,49,False,,False,0.2518994464762745,200
2,145,tfim,12,2,0.05,0.01,1.0,-12.306879028589323,0.0676181298762678,active,0.0,0.015228664641431055,0.015228664641535375,0.00023175492470234763,0.059470298819262954,0.7050727446277162,49,False,,False,0.2518994464762745,200
2,146,tfim,12,2,0.05,0.01,1.0,-12.310176798410687,0.06577337621031562,active,0.0,0.015127367807711142,0.015127367807814802,0.00021637287269812098,0.05924774348745101,0.7091244911631454,49,False,,False,0.2518994464762745,200
2,147,tfim,12,2,0.05,0.01,1.0,-12.313402316363936,0.06454555433308426,active,0.0,0.015027390274511757,0.015027390274614765,0.00020197987198879703,0.05920421539887244,0.7131693892418178,49,False,,False,0.2518994464762745,200
2,148,tfim,12,2,0.05,0.01,1.0,-12.316664051460092,0.06556260067728178,active,0.0,0.014928756780906013,0.014928756781008376,0.00018930328529904994,0.059324765188021225,0.7172053844185174,49,False,,False,0.2518994464762745,200
2,149,tfim,12,2,0.05,0.01,1.0,-12.320035760794196,0.06483875354251306,active,0.0,0.014831341559127178,0.014831341559228904,0.00017721183777442517,0.059452875865915134,0.7212366194655946,49,False,,False,0.2518994464762745,200
2,150,tfim,12,2,0.05,0.01,1.0,-12.323481007817264,0.06184676271429523,active,0.0,0.014735076115396983,0.014735076115498078,0.00016453604579009783,0.05944185455140845,0.7252650410792504,49,False,,False,0.2518994464762745,200
2,151,tfim,12,2,0.05,0.01,1.0,-12.326905590911378,0.059530232820451855,active,0.0,0.014639952104609923,0.014639952104710391,0.00015167462092581434,0.059191165986351074,0.729290146231661,49,False,,False,0.2518994464762745,200
2,152,tfim,12,2,0.05,0.01,1.0,-12.330272977796113,0.058370927120819996,active,0.0,0.01454599825177231,0.014545998251872161,0.0001391764284304183,0.05869359319547418,0.7333098350767319,49,False,,False,0.2518994464762745,200
2,153,tfim,12,2,0.05,0.01,1.0,-12.333621974272537,0.057306983973820134,active,0.0,0.014453221194519085,0.014453221194618325,0.0001269974087978391,0.058095524209333976,0.737322896532133,49,False,,False,0.2518994464762745,200
2,154,tfim,12,2,0.05,0.01,1.0,-12.337004343874845,0.05729502482005777,active,0.0,0.014361616076863202,0.014361616076961839,0.00011543329257998132,0.057630650579928284,0.7413285944655379,49,False,,False,0.2518994464762745,200
2,155,tfim,12,2,0.05,0.01,1.0,-12.340449964954466,0.05894767617147284,active,0.0,0.014271207989795733,0.014271207989893772,0.00010507362320293639,0.0574717074275508,0.7453248534210155,49,False,,False,0.2518994464762745,200
2,156,tfim,12,2,0.05,0.01,1.0,-12.343977027914281,0.0608259708353646,active,0.0,0.014181980592731997,0.014181980592829449,9.5982305208664e-05,0.057669770946471625,0.7493113936463585,49,False,,False,0.2518994464762745,200
2,157,tfim,12,2,0.05,0.01,1.0,-12.347605039963613,0.06181756961106183,active,0.0,0.01409386773538858,0.014093867735485446,8.783609097656374e-05,0.05814230798934575,0.7532902103417762,49,False,,False,0.2518994464762745,200
2,158,tfim,12,2,0.05,0.01,1.0,-12.351346887599988,0.061862530969947,active,0.0,0.014006827596877087,0.014006827596973382,8.043042074983837e-05,0.05866609701030311,0.7572622924352305,49,False,,False,0.2518994464762745,200
2,159,tfim,12,2,0.05,0.01,1.0,-12.355190724962299,0.06126849878012564,active,0.0,0.013920845372531911,0.01392084537262764,7.374888521302795e-05,0.05901034559358003,0.7612274406919916,49,False,,False,0.2518994464762745,200
2,160,tfim,12,2,0.05,0.01,1.0,-12.359106371872654,0.06066329204320011,active,0.0,0.013835921646038085,0.01383592164613325,6.791360120891769e-05,0.0591065451223943,0.765184747936749,49,False,,False,0.2518994464762745,200
2,161,tfim,12,2,0.05,0.01,1.0,-12.363075617675614,0.06048506435177716,active,0.0,0.013752078083358621,0.013752078083453237,6.303562091949537e-05,0.05903655344412415,0.7691322926862314,49,False,,False,0.2518994464762745,200
2,162,tfim,12,2,0.05,0.01,1.0,-12.367095165731817,0.06030126104517324,active,0.0,0.013669300058423003,0.013669300058517074,5.897477873910629e-05,0.05887403040534439,0.7730698312332854,49,False,,False,0.2518994464762745,200
2,163,tfim,12,2,0.05,0.01,1.0,-12.371149479538657,0.05963714993119559,active,0.0,0.013587522409402945,0.013587522409496471,5.549712016357883e-05,0.05859573426697604,0.7769995739179193,49,False,,False,0.2518994464762745,200
2,164,tfim,12,2,0.05,0.01,1.0,-12.375209887159942,0.058778899745800584,active,0.0,0.013506684405010802,0.013506684405103797,5.260786315722094e-05,0.05814424916278791,0.7809236273676939,49,False,,False,0.2518994464762745,200
2,165,tfim,12,2,0.05,0.01,1.0,-12.379259048107114,0.05814292700793105,active,0.0,0.01342674118004194,0.013426741180134405,5.047602902960949e-05,0.057514177711250475,0.7848434212992298,49,False,,False,0.2518994464762745,200
2,166,tfim,12,2,0.05,0.01,1.0,-12.38329913733743,0.05797472856872293,active,0.0,0.013347679156819505,0.013347679156911449,4.922633343283769e-05,0.05679525326851896,0.7887589030803793,49,False,,False,0.2518994464762745,200
2,167,tfim,12,2,0.05,0.01,1.0,-12.38735220220981,0.05854317335374979,active,0.0,0.013269532402504725,0.01326953240259615,4.8878923261783135e-05,0.05616999984978355,0.7926676390446106,49,False,,False,0.2518994464762745,200
2,168,tfim,12,2,0.05,0.01,1.0,-12.391462188936305,0.05978596678634772,active,0.0,0.013192342623439808,0.013192342623530718,4.925640344245551e-05,0.055842068627697465,0.7965667273866307,49,False,,False,0.2518994464762745,200
2,169,tfim,12,2,0.05,0.01,1.0,-12.395679113823926,0.06131189204798362,active,0.0,0.013116127032965297,0.013116127033055707,4.996230964602528e-05,0.05594645338380323,0.8004544258942513,49,False,,False,0.2518994464762745,200
2,170,tfim,12,2,0.05,0.01,1.0,-12.400035445493087,0.06272452814164081,active,0.0,0.013040870894764635,0.013040870894854542,5.051192695975916e-05,0.05649154365796139,0.8043305985756865,49,False,,False,0.2518994464762745,200
2,171,tfim,12,2,0.05,0.01,1.0,-12.404531294332084,0.06371330103327624,active,0.0,0.012966529450804594,0.012966529450894012,5.0485734578321235e-05,0.05734966693915082,0.8081966946280889,49,False,,False,0.2518994464762745,200
2,172,tfim,12,2,0.05,0.01,1.0,-12.409125837103904,0.06421387149907462,active,0.0,0.012893059587358735,0.012893059587447665,4.968393014960912e-05,0.05831969010884712,0.8120541532971137,49,False,,False,0.2518994464762745,200
2,173,tfim,12,2,0.05,0.01,1.0,-12.413744160949648,0.0643848381307216,active,0.0,0.01282044449249218,0.01282044449258063,4.820022227255586e-05,0.05921290802311369,0.8159030873006287,49,False,,False,0.2518994464762745,200
2,174,tfim,12,2,0.05,0.01,1.0,-12.418299636738187,0.06438754722842756,active,0.0,0.012748684669253727,0.012748684669341702,4.635743938116173e-05,0.05989946945232798,0.8197427005522175,49,False,,False,0.2518994464762745,200
2,175,tfim,12,2,0.05,0.01,1.0,-12.422714498833264,0.06428814531399628,active,0.0,0.01267778142263141,0.012677781422718916,4.4577691622521566e-05,0.060315746829842184,0.8235721409474938,49,False,,False,0.2518994464762745,200
2,176,tfim,12,2,0.05,0.01,1.0,-12.426933195140005,0.06402120612241424,active,0.0,0.012607721195341435,0.012607721195428476,4.323303728465597e-05,0.06044600577054513,0.8273913563731945,49,False,,False,0.2518994464762745,200
2,177,tfim,12,2,0.05,0.01,1.0,-12.430929147730026,0.06352147246314246,active,0.0,0.012538471325881664,0.012538471325968248,4.255183303525154e-05,0.060305685121873905,0.8312013668891802,49,False,,False,0.2518994464762745,200
2,178,tfim,12,2,0.05,0.01,1.0,-12.434708409834975,0.06296351678077121,active,0.0,0.012469997820997896,0.012469997821084029,4.261751843162961e-05,0.05995773246715893,0.8350033221085965,49,False,,False,0.2518994464762745,200
2,179,tfim,12,2,0.05,0.01,1.0,-12.43831578795943,0.0626566095807673,active,0.0,0.012402278486597742,0.012402278486683427,4.334743652895139e-05,0.05953407335129177,0.8387977660092293,49,False,,False,0.2518994464762745,200
2,180,tfim,12,2,0.05,0.01,1.0,-12.441832650644292,0.06265417888719596,active,0.0,0.01233529462070873,0.012335294620793968,4.4414523963722364e-05,0.05920188790312504,0.8425850792399118,49,False,,False,0.2518994464762745,200
2,181,tfim,12,2,0.05,0.01,1.0,-12.44535152672335,0.0626168102930986,active,0.0,0.012269017805336744,0.012269017805421547,4.525227473737808e-05,0.059071811323115765,0.8463662275203969,49,False,,False,0.2518994464762745,200
2,182,tfim,12,2,0.05,0.01,1.0,-12.44893463800701,0.06210898618058534,active,0.0,0.012203406695788436,0.012203406695872802,4.5245545128622524e-05,0.05912183240177227,0.8501429725277885,49,False,,False,0.2518994464762745,200
2,183,tfim,12,2,0.05,0.01,1.0,-12.452584265091264,0.061021969261727566,active,0.0,0.012138418712914626,0.01213841871299856,4.402408918075613e-05,0.059215387657233214,0.8539172235986746,49,False,,False,0.2518994464762745,200
2,184,tfim,12,2,0.05,0.01,1.0,-12.45625177064424,0.05976134702003184,active,0.0,0.012074030227729326,0.012074030227812832,4.16612993849061e-05,0.05921037714449601,0.8576898538327582,49,False,,False,0.2518994464762745,200
2,185,tfim,12,2,0.05,0.01,1.0,-12.459883202933558,0.05901826448541347,active,0.0,0.01201024607726539,0.012010246077348472,3.862524990985215e-05,0.05907255276674574,0.8614600868785224,49,False,,False,0.2518994464762745,200
2,186,tfim,12,2,0.05,0.01,1.0,-12.463465479489251,0.05920896019661505,active,0.0,0.011947088514547627,0.011947088514630284,3.549652680760457e-05,0.058901699425706625,0.8652260851276574,49,False,,False,0.2518994464762745,200
2,187,tfim,12,2,0.05,0.01,1.0,-12.46703304788974,0.0600851108604599,active,0.0,0.011884576294688197,0.011884576294770438,3.2662049627668376e-05,0.058845529102064406,0.8689861676461381,49,False,,False,0.2518994464762745,200
2,188,tfim,12,2,0.05,0.01,1.0,-12.470629442930777,0.06100857251264425,active,0.0,0.01182271132042482,0.01182271132050665,3.0233334469402963e-05,0.05897309056324461,0.8727396327764679,49,False,,False,0.2518994464762745,200
2,189,tfim,12,2,0.05,0.01,1.0,-12.474263339540109,0.06156417259115387,active,0.0,0.01176148077445415,0.01176148077453557,2.8207496219575026e-05,0.059226511276094664,0.876486671087754,49,False,,False,0.2518994464762745,200
2,190,tfim,12,2,0.05,0.01,1.0,-12.477903764867484,0.061777997092893396,active,0.0,0.01170086626806826,0.011700866268149273,2.6626993077814886e-05,0.059486321967690624,0.8802278370536883,49,False,,False,0.2518994464762745,200
2,191,tfim,12,2,0.05,0.01,1.0,-12.481511918599963,0.0618107720419567,active,0.0,0.011640846298506502,0.011640846298587115,2.5548015461609146e-05,0.05966076884913991,0.8839639103785762,49,False,,False,0.2518994464762745,200
2,192,tfim,12,2,0.05,0.01,1.0,-12.485066278915731,0.06164929218029257,active,0.0,0.011581392950423755,0.011581392950503968,2.4922332617388727e-05,0.05970983526935912,0.8876961125059402,49,False,,False,0.2518994464762745,200
2,193,tfim,12,2,0.05,0.01,1.0,-12.488555861969171,0.06120416729675663,active,0.0,0.011522475610918485,0.011522475610998303,2.460820826438345e-05,0.05961710850008554,0.8914258878583651,49,False,,False,0.2518994464762745,200
2,194,tfim,12,2,0.05,0.01,1.0,-12.491963418936175,0.06057171989073218,active,0.0,0.011464073780510403,0.011464073780589827,2.4509505017165448e-05,0.05937604333751878,0.89515409031718,49,False,,False,0.2518994464762745,200
2,195,tfim,12,2,0.05,0.01,1.0,-12.495268422712783,0.06001741569988826,active,0.0,0.011406185707277408,0.011406185707356438,2.464756240909779e-05,0.05900908610521719,0.8988803986888715,49,False,,False,0.2518994464762745,200
2,196,tfim,12,2,0.05,0.01,1.0,-12.498464457776272,0.05972771338188388,active,0.0,0.011348823780455078,0.011348823780533724,2.5085274017246764e-05,0.05857976973871955,0.9026035670359528,49,False,,False,0.2518994464762745,200
2,197,tfim,12,2,0.05,0.01,1.0,-12.501566967193337,0.05971762868234501,active,0.0,0.011292002842538831,0.011292002842617097,2.5826577314284773e-05,0.05817501428829139,0.9063221547229332,49,False,,False,0.2518994464762745,200
2,198,tfim,12,2,0.05,0.01,1.0,-12.504607764972299,0.05993723556598829,active,0.0,0.011235731166757731,0.011235731166835612,2.6785733493330058e-05,0.0578793957991141,0.9100351173997813,49,False,,False,0.2518994464762745,200
2,199,tfim,12,2,0.05,0.01,1.0,-12.50762786240074,0.060306822559007774,active,0.0,0.011180006965384246,0.01118000696546175,2.778976471295504e-05,0.05775676159781332,0.9137420578275088,49,False,,False,0.2518994464762745,200
2,200,tfim,12,2,0.05,0.01,1.0,-12.51066970454779,0.06068835082273403,active,0.0,0.011124820425557633,0.011124820425634766,2.8597947475552965e-05,0.05783195525830814,0.9174431160167466,49,False,,False,0.2518994464762745,200
3,1,tfim,12,2,0.05,0.01,1.0,-9.723687149655927,4.435784493236759,active,0.0,0.0,0.0001,0.0,4.435784493236759,4.999995000005001,49,False,,False,0.33428890192512917,200
3,2,tfim,12,2,0.05,0.01,1.0,-10.587330005511575,3.3788434770820617,active,0.0,0.03854635231523947,0.03854635232488,0.037085506879978934,3.8236630237646083,0.30453374133381184,49,False,,False,0.33428890192512917,200
3,3,tfim,12,2,0.05,0.01,1.0,-11.128823507557762,2.4944054379656784,active,0.0,0.07104678638124064,0.07104678638829852,0.049133658782870425,3.2141658902139003,0.16995983359904837,49,False,,False,0.33428890192512917,200
3,4,tfim,12,2,0.05,0.01,1.0,-11.44216404828196,1.9327154903525896,active,0.0,0.10282905359876737,0.10282905360451255,0.05194598524960142,2.6607253771526462,0.11867570509963284,49,False,,False,0.33428890192512917,200
3,5,tfim,12,2,0.05,0.01,1.0,-11.619577118535075,1.6787990473858858,active,0.0,0.1285342995868084,0.1285342995917323,0.05275154274910112,2.1980317895179655,0.1,49,False,,False,0.33428890192512917,200
3,6,tfim,12,2,0.05,0.01,1.0,-11.727801922709096,1.5823794602482106,active,0.0,0.14600367317526552,0.1460036731796063,0.053488721853934586,1.8394667076625353,0.1,49,False,,False,0.33428890192512917,200
3,7,tfim,12,2,0.05,0.01,1.0,-11.805304934761967,1.5077193329091871,active,0.0,0.15551350264624242,0.1555135026501391,0.053968004265013976,1.5780548517505912,0.1,49,False,,False,0.33428890192512917,200
3,8,tfim,12,2,0.05,0.01,1.0,-11.869527108135644,1.3998249207884332,active,0.0,0.1586022978854639,0.1586022978890149,0.05367592964686659,1.3915616804422852,0.1,49,False,,False,0.33428890192512917,200
3,9,tfim,12,2,0.05,0.01,1.0,-11.925820340510015,1.255693021120351,active,0.0,0.157159895030866,0.15715989503415215,0.05242271205018922,1.2521286768616553,0.1,49,False,,False,0.33428890192512917,200
3,10,tfim,12,2,0.05,0.01,1.0,-11.974353971075853,1.0921226123439562,active,0.0,0.15290126469027465,0.15290126469336562,0.05036799722367338,1.1360629045058899,0.1,49,False,,False,0.33428890192512917,200
3,11,tfim,12,2,0.05,0.01,1.0,-12.014210846603266,0.9291056765406868,active,0.0,0.14714428072802158,0.14714428073097535,0.047835211551206576,1.0286023506149726,0.1,49,False,,False,0.33428890192512917,200
3,12,tfim,12,2,0.05,0.01,1.0,-12.045165682827237,0.7823147990318186,active,0.0,0.14078073707029057,0.1407807370731513,0.04513475379796402,0.9234040960188337,0.1,49,False,,False,0.33428890192512917,200
3,13,tfim,12,2,0.05,0.01,1.0,-12.06800230423194,0.6601705161840227,active,0.0,0.13434790790888831,0.13434790791168547,0.04247360485678836,0.8196750437795935,0.1,49,False,,False,0.33428890192512917,200
3,14,tfim,12,2,0.05,0.01,1.0,-12.08416315639572,0.5639769669213894,active,0.0,0.1281331948670748,0.12813319486982463,0.03994616816726672,0.7192981311629691,0.1,49,False,,False,0.33428890192512917,200
3,15,tfim,12,2,0.05,0.01,1.0,-12.095275915983082,0.4903789852829785,active,0.0,0.12227018761635382,0.12227018761906254,0.03756862428721171,0.6248620162856356,0.10018418652999718,49,False,,False,0.33428890192512917,200
3,16,tfim,12,2,0.05,0.01,1.0,-12.102820184169103,0.4346058590021232,active,0.0,0.11680794105735935,0.11680794106002744,0.035320499221008224,0.5386516575627088,0.10477089477273917,49,False,,False,0.33428890192512917,200
3,17,tfim,12,2,0.05,0.01,1.0,-12.107983331105716,0.39251731313544164,active,0.0,0.11175239595509216,0.11175239595771752,0.03317362981960481,0.46232789676289077,0.10940689358843725,49,False,,False,0.33428890192512917,200
3,18,tfim,12,2,0.05,0.01,1.0,-12.111647273293833,0.3607185665135293,active,0.0,0.10708755994744033,0.10708755995002055,0.031105080567527466,0.39693705686354047,0.11406403902810748,49,False,,False,0.33428890192512917,200
3,19,tfim,12,2,0.05,0.01,1.0,-12.114430009381193,0.33575803135439897,active,0.0,0.10278558422054207,0.1027855842230755,0.029099520984871553,0.34292972708823044,0.11872470287104502,49,False,,False,0.33428890192512917,200
3,20,tfim,12,2,0.05,0.01,1.0,-12.116733663412075,0.31382297172983187,active,0.0,0.09881237985832891,0.0988123798608147,0.027147946106732542,0.3000160955186856,0.12338077250803463,49,False,,False,0.33428890192512917,200
3,21,tfim,12,2,0.05,0.01,1.0,-12.118784964989572,0.29134494448158427,active,0.0,0.09513196894594218,0.09513196894837994,0.02524681400680877,0.26693432063969436,0.12803183029978168,49,False,,False,0.33428890192512917,200
3,22,tfim,12,2,0.05,0.01,1.0,-12.120673514741341,0.26591444407824627,active,0.0,0.09171020503116345,0.0917102050335528,0.023398286778043207,0.2414338676845441,0.13268201320823086,49,False,,False,0.33428890192512917,200
3,23,tfim,12,2,0.05,0.01,1.0,-12.122395172044348,0.23685019786681583,active,0.0,0.08851737843455554,0.08851737843689596,0.021610368639549193,0.22071081014675198,0.1373364062078199,49,False,,False,0.33428890192512917,200
3,24,tfim,12,2,0.05,0.01,1.0,-12.12390022292114,0.2052560242086986,active,0.0,0.08552924330916484,0.08552924331145562,0.019895678673007487,0.20214308989390137,0.14199826302156743,49,False,,False,0.33428890192512917,200
3,25,tfim,12,2,0.05,0.01,1.0,-12.125138191965572,0.17371142560773936,active,0.0,0.08272654139995275,0.0827265414021931,0.018268623250541464,0.18391410473692626,0.14666792090822928,49,False,,False,0.33428890192512917,200
3,26,tfim,12,2,0.05,0.01,1.0,-12.126089054590901,0.14571073114130084,active,0.0,0.08009360007651677,0.08009360007870607,0.016741823052188725,0.16527085283707174,0.15134344077581177,49,False,,False,0.33428890192512917,200
3,27,tfim,12,2,0.05,0.01,1.0,-12.126774721995718,0.1246849105366904,active,0.0,0.07761676055851251,0.07761676056065049,0.015323114160780268,0.1464455311642471,0.1560222795180922,49,False,,False,0.33428890192512917,200
3,28,tfim,12,2,0.05,0.01,1.0,-12.127251832192384,0.11231895084147246,active,0.0,0.0752832310241547,0.07528323102624154,0.014014148372763343,0.12837744914403829,0.16070301315152022,49,False,,False,0.33428890192512917,200
3,29,tfim,12,2,0.05,0.01,1.0,-12.127592990611408,0.10708179893004832,active,0.0,0.07308061419726643,0.07308061419930274,0.012810867678455582,0.11232631227749332,0.16538631922081282,49,False,,False,0.33428890192512917,200
3,30,tfim,12,2,0.05,0.01,1.0,-12.127865988760284,0.10512188959737231,active,0.0,0.07099702298623554,0.07099702298822243,0.011705376432612637,0.09940174768902545,0.17007491007021758,49,False,,False,0.33428890192512917,200
3,31,tfim,12,2,0.05,0.01,1.0,-12.12811886640278,0.10280162121940098,active,0.0,0.0690215014210931,0.06902150142303187,0.010688322445429612,0.09006952248488184,0.1747726112385831,49,False,,False,0.33428890192512917,200
3,32,tfim,12,2,0.05,0.01,1.0,-12.128374530467067,0.09809890890872958,active,0.0,0.06714444367640308,0.06714444367829529,0.009750923471433212,0.08387327597178873,0.179483084241041,49,False,,False,0.33428890192512917,200
3,33,tfim,12,2,0.05,0.01,1.0,-12.128634234008922,0.09056121863853447,active,0.0,0.0653578044382694,0.06535780444011674,0.008886119583694863,0.07964830527907031,0.18420872356472287,49,False,,False,0.33428890192512917,200
3,34,tfim,12,2,0.05,0.01,1.0,-12.12888630052564,0.08079582145726688,active,0.0,0.06365503916574587,0.06365503916755004,0.008088774381812979,0.07610055639305824,0.1889500737246504,49,False,,False,0.33428890192512917,200
3,35,tfim,12,2,0.05,0.01,1.0,-12.129115722713783,0.06999122169995639,active,0.0,0.062030832904289124,0.06203083290605179,0.007355191143714576,0.07229262215092601,0.19370584499157395,49,False,,False,0.33428890192512917,200
3,36,tfim,12,2,0.05,0.01,1.0,-12.129311304754324,0.05954389620368736,local_min,0.0,0.060480735083713655,0.06048073508543644,0.006682353920825442,0.06780380091937917,0.19847338217316157,49,False,,False,0.33428890192512917,200
3,37,tfim,12,2,0.05,0.01,1.0,-12.129468912027827,0.050731485709603404,local_min,0.0,0.05900081480174326,0.059000814803427774,0.006067256377029856,0.062654143518813,0.20324933144661939,49,False,,False,0.33428890192512917,200
3,38,tfim,12,2,0.05,0.01,1.0,-12.129591174089944,0.04435659940575683,local_min,0.0,0.0575874092143828,0.05758740921603051,0.005506521858279296,0.057142876299514235,0.20803026196929603,49,False,,False,0.33428890192512917,200
3,39,tfim,12,2,0.05,0.01,1.0,-12.129685045853556,0.0404313209748177,local_min,0.0,0.05623698575917843,0.05623698576079076,0.0049963425709397295,0.051683679838294,0.21281309053238204,49,False,,False,0.33428890192512917,200
3,40,tfim,12,2,0.05,0.01,1.0,-12.129758833028562,0.038223401570678675,local_min,0.0,0.05494609900443925,0.054946099006017574,0.004532643530700397,0.046665828963648986,0.21759527056912714,49,False,,False,0.33428890192512917,200
3,41,tfim,12,2,0.05,0.01,1.0,-12.129291910471526,0.10047513532956417,local_min,0.0,0.05371082751257946,0.05371082751412525,0.004156499461798774,0.03409498722502631,0.22237707568457213,49,False,,False,0.33428890192512917,200
3,42,tfim,12,2,0.05,0.01,1.0,-12.128654983151467,0.1328290215995547,local_min,0.0,0.052535076578447526,0.052535076579962835,0.0038398595514963114,0.03270896322303932,0.2271278647966033,49,False,,False,0.33428890192512917,200
3,43,tfim,12,2,0.05,0.01,1.0,-12.13065261703188,0.10807014484017191,local_min,0.0,0.05140825619300398,0.051408256194489695,0.0035238312574687133,0.03846386968346481,0.2318754176643848,49,False,,False,0.33428890192512917,200
3,44,tfim,12,2,0.05,0.01,1.0,-12.133273150931782,0.08466647349430084,local_min,0.0,0.05033110769392468,0.050331107695382016,0.0032163996458580133,0.04205678599187737,0.2366030158010467,49,False,,False,0.33428890192512917,200
3,45,tfim,12,2,0.05,0.01,1.0,-12.136153647107038,0.0843330109134709,local_min,0.0,0.04930134371901137,0.049301343720441516,0.0029334942284736007,0.044392822030519245,0.24130647005101258,49,False,,False,0.33428890192512917,200
3,46,tfim,12,2,0.05,0.01,1.0,-12.139969991200616,0.08274183396019669,local_min,0.0,0.04831105775621527,0.04831105775761896,0.0026738398145917833,0.0449700056843564,0.24600943056430288,49,False,,False,0.33428890192512917,200
3,47,tfim,12,2,0.05,0.01,1.0,-12.144690170672247,0.08962422214108709,active,0.0,0.04735698667117946,0.04735698667255747,0.002440466603657544,0.04615498547652879,0.25071710522034096,49,False,,False,0.33428890192512917,200
3,48,tfim,12,2,0.05,0.01,1.0,-12.151146968150249,0.09159750371382003,active,0.0,0.04643653443030963,0.04643653443166252,0.002225861376718681,0.05067358012878894,0.2554328684475816,49,False,,False,0.33428890192512917,200
3,49,tfim,12,2,0.05,0.01,1.0,-12.159769411977326,0.08322359735772647,active,0.0,0.045548993970306234,0.045548993971634665,0.002023047303983965,0.0560778663593751,0.2601511148671933,49,False,,False,0.33428890192512917,200
3,50,tfim,12,2,0.05,0.01,1.0,-12.169498070709167,0.08158833646302147,active,0.0,0.04469554845144116,0.04469554845274603,0.0018385166059302072,0.05966289932113442,0.2648554736199833,49,False,,False,0.33428890192512917,200
3,51,tfim,12,2,0.05,0.01,1.0,-12.179299839491854,0.08025867379102418,active,0.0,0.04387492259786537,0.04387492259914758,0.0016734582590888093,0.06082963447146323,0.26954221432425285,49,False,,False,0.33428890192512917,200
3,52,tfim,12,2,0.05,0.01,1.0,-12.188018899904765,0.06464810821607049,active,0.0,0.043083828571920925,0.043083828573181326,0.0015222642823537354,0.058080271144691824,0.27422004044104675,49,False,,False,0.33428890192512917,200
3,53,tfim,12,2,0.05,0.01,1.0,-12.193937887694315,0.05182304710743254,active,0.0,0.04232096973238237,0.04232096973362167,0.0013887240185253755,0.050466698539679944,0.27888730157818775,49,False,,False,0.33428890192512917,200
3,54,tfim,12,2,0.05,0.01,1.0,-12.196329041211126,0.057083984918140096,active,0.0,0.041586604674525234,0.041586604675744335,0.0012764772047575128,0.040104074587263075,0.2835328187201244,49,False,,False,0.33428890192512917,200
3,55,tfim,12,2,0.05,0.01,1.0,-12.196129354918034,0.06407064221447108,active,0.0,0.04087897541918066,0.040878975420380305,0.0011797526808017625,0.03105819812863426,0.2881580110828969,49,False,,False,0.33428890192512917,200
3,56,tfim,12,2,0.05,0.01,1.0,-12.194874392222033,0.06297668427570684,active,0.0,0.04019531931825857,0.04019531931943938,0.0010901538967907454,0.02606263546228611,0.2927721227447078,49,False,,False,0.33428890192512917,200
3,57,tfim,12,2,0.05,0.01,1.0,-12.19384101255652,0.05435901325146355,active,0.0,0.03953273065498052,0.03953273065614288,0.0010027142334596657,0.024320226869936207,0.2973872756242323,49,False,,False,0.33428890192512917,200
3,58,tfim,12,2,0.05,0.01,1.0,-12.193566694779513,0.042221313062492834,active,0.0,0.038889638602705175,0.03888963860384947,0.000917227121239367,0.022650933052561665,0.30200793403794496,49,False,,False,0.33428890192512917,200
3,59,tfim,12,2,0.05,0.01,1.0,-12.193858905496805,0.038441634496539034,active,0.0,0.03826591072157654,0.03826591072270322,0.0008372817976000593,0.020153686445180494,0.3066287251326437,49,False,,False,0.33428890192512917,200
3,60,tfim,12,2,0.05,0.01,1.0,-12.194445365440338,0.043811099801010424,active,0.0,0.03766192752374362,0.03766192752485321,0.00076503731533091,0.019012675923257172,0.311240022394592,49,False,,False,0.33428890192512917,200
3,61,tfim,12,2,0.05,0.01,1.0,-12.195271686163283,0.04509299179934901,active,0.0,0.0370771888735471,0.03707718887464015,0.0006986696776118997,0.020377114218194926,0.3158384808568009,49,False,,False,0.33428890192512917,200
3,62,tfim,12,2,0.05,0.01,1.0,-12.196238625573883,0.03946446517106248,active,0.0,0.03651050801717592,0.03651050801825294,0.0006362149352343638,0.022223910705251516,0.32042646543926623,49,False,,False,0.33428890192512917,200
3,63,tfim,12,2,0.05,0.01,1.0,-12.197120645054028,0.029621447301434855,active,0.0,0.03596050466669289,0.03596050466775431,0.0005774240774214727,0.022638352282140523,0.32500871467511744,49,False,,False,0.33428890192512917,200
3,64,tfim,12,2,0.05,0.01,1.0,-12.197674969338744,0.020698103911018638,active,0.0,0.03542613100680881,0.035426131007855015,0.0005232769099044943,0.021129800867731346,0.32958803980785173,49,False,,False,0.33428890192512917,200
3,65,tfim,12,2,0.05,0.01,1.0,-12.197804963561596,0.022544328091969244,active,0.0,0.03490687829169525,0.034906878292726616,0.00047509264214846714,0.018609180410021374,0.33416312013845173,49,False,,False,0.33428890192512917,200
3,66,tfim,12,2,0.05,0.01,1.0,-12.19769149995577,0.029803919261963102,active,0.0,0.03440260318869892,0.03440260318971588,0.0004328046148202808,0.01694981392773738,0.3387294681965509,49,False,,False,0.33428890192512917,200
3,67,tfim,12,2,0.05,0.01,1.0,-12.197608167019819,0.03453776153903756,local_min,0.0,0.033912972018649346,0.033912972019652286,0.00039519033559063326,0.017011089235466494,0.3432842322067914,49,False,,False,0.33428890192512917,200
3,68,tfim,12,2,0.05,0.01,1.0,-12.197636296716,0.041723622541487516,local_min,0.0,0.033437848443497474,0.033437848444486856,0.0003627371251776356,0.017884223121573582,0.3478226903342902,49,False,,False,0.33428890192512917,200
3,69,tfim,12,2,0.05,0.01,1.0,-12.197654996228644,0.06270509888960313,local_min,0.0,0.03297742269911085,0.03297742270008714,0.0003409129182050667,0.01914674466227785,0.35233673046580843,49,False,,False,0.33428890192512917,200
3,70,tfim,12,2,0.05,0.01,1.0,-12.197410913308495,0.1073894279006409,local_min,0.0,0.03253434577164458,0.03253434577260864,0.00034764528106083926,0.022479536968515117,0.3567927082039373,49,False,,False,0.33428890192512917,200
3,71,tfim,12,2,0.05,0.01,1.0,-12.1964182182865,0.1840649227743054,local_min,0.0,0.032115974140381906,0.03211597414133519,0.0004316775678400449,0.030468918130156453,0.36110493515349484,49,False,,False,0.33428890192512917,200
3,72,tfim,12,2,0.05,0.01,1.0,-12.194293412702883,0.280528031272809,local_min,0.0,0.031735075203986315,0.031735075204931816,0.0006661690677478805,0.04064850256418025,0.3651225829858276,49,False,,False,0.33428890192512917,200
3,73,tfim,12,2,0.05,0.01,1.0,-12.19392691337067,0.2989791781033085,local_min,0.0,0.031369709026888355,0.031369709027826535,0.0009244351880659972,0.03619114973259566,0.36906130688702643,49,False,,False,0.33428890192512917,200
3,74,tfim,12,2,0.05,0.01,1.0,-12.197727302377778,0.13473707805156526,local_min,0.0,0.03097337326452446,0.03097337326545181,0.0009067418389204876,0.01786311747996693,0.3734311139675274,49,False,,False,0.33428890192512917,200
3,75,tfim,12,2,0.05,0.01,1.0,-12.198191204879429,0.10651974495431939,local_min,0.0,0.03058300604445961,0.030583006045375994,0.0008560507607214544,0.029034153432629117,0.3778374624907978,49,False,,False,0.33428890192512917,200
3,76,tfim,12,2,0.05,0.01,1.0,-12.196742710026125,0.2034513861929412,local_min,0.0,0.030219029938471146,0.030219029939378292,0.0009219823236121758,0.02894540556614243,0.38204063715840386,49,False,,False,0.33428890192512917,200
3,77,tfim,12,2,0.05,0.01,1.0,-12.198538470605504,0.091108187677493,local_min,0.0,0.029846323553300167,0.029846323554196714,0.0008662006426004421,0.017874291288033996,0.3864426513045885,49,False,,False,0.33428890192512917,200
3,78,tfim,12,2,0.05,0.01,1.0,-12.198637868320342,0.09295688195735563,local_min,0.0,0.029482963971872975,0.029482963972759194,0.0008110300243964257,0.025863555792646636,0.3908330395491291,49,False,,False,0.33428890192512917,200
3,79,tfim,12,2,0.05,0.01,1.0,-12.198167850529682,0.14259137570403954,local_min,0.0,0.029134647872050935,0.029134647872927577,0.0008064173824390741,0.023242021257019543,0.3951363411003174,49,False,,False,0.33428890192512917,200
3,80,tfim,12,2,0.05,0.01,1.0,-12.199266284759236,0.04004804811979681,local_min,0.0,0.028784926223178627,0.02878492622404504,0.0007352001814412271,0.018958237230373317,0.3995534115038243,49,False,,False,0.33428890192512917,200
3,81,tfim,12,2,0.05,0.01,1.0,-12.199080648253167,0.08908537538562704,local_min,0.0,0.028446725213133895,0.028446725213990633,0.0006910130509931943,0.023575528615672522,0.40391992703948987,49,False,,False,0.33428890192512917,200
3,82,tfim,12,2,0.05,0.01,1.0,-12.199167834050586,0.09536610949880893,local_min,0.0,0.028116901458991744,0.028116901459839017,0.0006574488384358474,0.0203343091125501,0.40827119609293255,49,False,,False,0.33428890192512917,200
3,83,tfim,12,2,0.05,0.01,1.0,-12.19976725758323,0.020428585722821496,local_min,0.0,0.027790308401880206,0.02779030840271784,0.0005949339212526608,0.020040607177386184,0.41267321555369346,49,False,,False,0.33428890192512917,200
3,84,tfim,12,2,0.05,0.01,1.0,-12.199638773645662,0.07694288203748124,local_min,0.0,0.02747398081502994,0.027473980815858435,0.0005575411226722086,0.022061983835140235,0.4170283231502331,49,False,,False,0.33428890192512917,200
3,85,tfim,12,2,0.05,0.01,1.0,-12.199907966790386,0.061084567649580944,local_min,0.0,0.02716366164539621,0.027163661646215625,0.0005169637018623458,0.019941277260428384,0.4213909629886366,49,False,,False,0.33428890192512917,200
3,86,tfim,12,2,0.05,0.01,1.0,-12.200226361300512,0.025808255808713987,local_min,0.0,0.026858771534072873,0.02685877153488328,0.0004683688919498148,0.020713664579648468,0.42576709727364276,49,False,,False,0.33428890192512917,200
3,87,tfim,12,2,0.05,0.01,1.0,-12.200232181097629,0.06159433007965687,local_min,0.0,0.026562155024309583,0.02656215502511133,0.00043563600574750527,0.02148420349310435,0.43011259537576124,49,False,,False,0.33428890192512917,200
3,88,tfim,12,2,0.05,0.01,1.0,-12.200517440469616,0.040983934711680804,local_min,0.0,0.02627096181561836,0.026270961816411514,0.0003988181991828233,0.02059786530372048,0.4344657990213543,49,False,,False,0.33428890192512917,200
3,89,tfim,12,2,0.05,0.01,1.0,-12.200746523753539,0.02837614414430589,local_min,0.0,0.025985676335914237,0.025985676336698946,0.00036184037211132075,0.02138156540015945,0.43881699544545255,49,False,,False,0.33428890192512917,200
3,90,tfim,12,2,0.05,0.01,1.0,-12.200859270497991,0.048127405628855695,local_min,0.0,0.025707264400200533,0.025707264400977054,0.0003339184749172148,0.021732841146352454,0.44314821582062375,49,False,,False,0.33428890192512917,200
3,91,tfim,12,2,0.05,0.01,1.0,-12.20112649282737,0.03162277309027008,local_min,0.0,0.02543412687705432,0.02543412687782275,0.0003040459430795848,0.0214624051683373,0.4474812810979448,49,False,,False,0.33428890192512917,200
3,92,tfim,12,2,0.05,0.01,1.0,-12.201346470944944,0.02759791949264761,local_min,0.0,0.025166592091098543,0.025166592091859046,0.0002758521098848006,0.022059053579865106,0.4518084059402726,49,False,,False,0.33428890192512917,200
3,93,tfim,12,2,0.05,0.01,1.0,-12.20152370906288,0.03890216952669168,local_min,0.0,0.024904951565101016,0.02490495156585379,0.00025306905193929295,0.022407512735613533,0.4561219103051953,49,False,,False,0.33428890192512917,200
3,94,tfim,12,2,0.05,0.01,1.0,-12.201783924146648,0.0289320348575005,local_min,0.0,0.024648326770753595,0.02464832677149875,0.00023003495976121682,0.022495362623712593,0.46043349022829283,49,False,,False,0.33428890192512917,200
3,95,tfim,12,2,0.05,0.01,1.0,-12.202022721074208,0.027371658883118592,local_min,0.0,0.024396880350928195,0.024396880351665873,0.00020868576636943266,0.02300306719476993,0.46473786829794794,49,False,,False,0.33428890192512917,200
3,96,tfim,12,2,0.05,0.01,1.0,-12.20224048681018,0.03559625050349975,local_min,0.0,0.02415069817923114,0.02415069817996153,0.00019118548383080473,0.023447018745237913,0.4690308202568662,49,False,,False,0.33428890192512917,200
3,97,tfim,12,2,0.05,0.01,1.0,-12.202495704298363,0.03628039092806616,local_min,0.0,0.023909466525328604,0.02390946652605184,0.00017545557141640942,0.02385518517614984,0.4733150821022411,49,False,,False,0.33428890192512917,200
3,98,tfim,12,2,0.05,0.01,1.0,-12.202715708883305,0.04890312522015071,local_min,0.0,0.023673363166374792,0.023673363167091052,0.00016481033333930648,0.02479636193666257,0.477584738597791,49,False,,False,0.33428890192512917,200
3,99,tfim,12,2,0.05,0.01,1.0,-12.202803203386111,0.08179442025977537,local_min,0.0,0.023443841985448827,0.023443841986158436,0.00017007334413398216,0.026826678361302658,0.481809856939703,49,False,,False,0.33428890192512917,200
3,100,tfim,12,2,0.05,0.01,1.0,-12.202495167127685,0.14266947619661696,local_min,0.0,0.02322419742595756,0.02322419742666118,0.00022229059911962423,0.03188912504165398,0.48592376190431513,49,False,,False,0.33428890192512917,200
3,101,tfim,12,2,0.05,0.01,1.0,-12.200957418669102,0.24963744498718202,local_min,0.0,0.023026650028069386,0.023026650028768858,0.00041581947342732577,0.043102313112536275,0.4896842618222215,49,False,,False,0.33428890192512917,200
3,102,tfim,12,2,0.05,0.01,1.0,-12.197618007419186,0.38137913601106677,local_min,0.0,0.022866298247045714,0.022866298247744287,0.0008854382882964537,0.05628056290171832,0.49277977599693223,49,False,,False,0.33428890192512917,200
3,103,tfim,12,2,0.05,0.01,1.0,-12.197726444566927,0.3877736247843607,local_min,0.0,0.02271199680271295,0.022711996803410784,0.0013441329750215993,0.0473676923122722,0.49579566657591223,49,False,,False,0.33428890192512917,200
3,104,tfim,12,2,0.05,0.01,1.0,-12.203849208885869,0.13842481204890508,local_min,0.0,0.022506870649064297,0.022506870649756386,0.0012914341600468798,0.02727028617570377,0.4998625748004694,49,False,,False,0.33428890192512917,200
3,105,tfim,12,2,0.05,0.01,1.0,-12.20355774505648,0.18446960597158948,local_min,0.0,0.02231122994694632,0.022311229947633283,0.0012789966352463851,0.04399958294528792,0.5038040744944317,49,False,,False,0.33428890192512917,200
3,106,tfim,12,2,0.05,0.01,1.0,-12.202416551245307,0.26164762273161246,local_min,0.0,0.022133414985224323,0.02213341498590755,0.0014032168581389988,0.038060908499736604,0.5074407563423866,49,False,,False,0.33428890192512917,200
3,107,tfim,12,2,0.05,0.01,1.0,-12.20567014697362,0.06262971415354547,local_min,0.0,0.021933065365066784,0.021933065365743982,0.0012836629940846528,0.030025244715542215,0.5116017386368372,49,False,,False,0.33428890192512917,200
3,108,tfim,12,2,0.05,0.01,1.0,-12.20495836671712,0.171573988501002,local_min,0.0,0.021746024947118955,0.021746024947791123,0.0012591870042867675,0.03969736966740261,0.5155483729143976,49,False,,False,0.33428890192512917,200
3,109,tfim,12,2,0.05,0.01,1.0,-12.205562217348248,0.16025112183173665,local_min,0.0,0.021561261550226696,0.02156126155089382,0.0012319946121453994,0.031465284362554836,0.5195072035245892,49,False,,False,0.33428890192512917,200
3,110,tfim,12,2,0.05,0.01,1.0,-12.207071577262878,0.045413042198502604,local_min,0.0,0.021370522948187892,0.021370522948849224,0.0011172469560468896,0.033642373583379036,0.5236583512638565,49,False,,False,0.33428890192512917,200
3,111,tfim,12,2,0.05,0.01,1.0,-12.206654729658009,0.14909644666666844,local_min,0.0,0.02119056090868887,0.02119056090934519,0.0010862230305942024,0.035607483197597684,0.5276362484235153,49,False,,False,0.33428890192512917,200
3,112,tfim,12,2,0.05,0.01,1.0,-12.20790723982056,0.07393535220394007,local_min,0.0,0.021007627495657873,0.021007627496308703,0.0010003840117317466,0.03141983502436876,0.5317422471899079,49,False,,False,0.33428890192512917,200
3,113,tfim,12,2,0.05,0.01,1.0,-12.208375112863095,0.08274927205927092,local_min,0.0,0.020828295225815394,0.020828295226460885,0.0009239175027077577,0.0352560205472175,0.535829924108322,49,False,,False,0.33428890192512917,200
3,114,tfim,12,2,0.05,0.01,1.0,-12.208744426032315,0.10488517161979063,local_min,0.0,0.020653373088403922,0.020653373089044278,0.0008720864450945439,0.03379709272695232,0.5398780818059407,49,False,,False,0.33428890192512917,200
3,115,tfim,12,2,0.05,0.01,1.0,-12.2097629975767,0.03610566854875587,local_min,0.0,0.020477917831270648,0.020477917831905643,0.000789244562616381,0.03402527946151168,0.5440004935080549,49,False,,False,0.33428890192512917,200
3,116,tfim,12,2,0.05,0.01,1.0,-12.210098721671496,0.08628863181319893,local_min,0.0,0.020307661837145007,0.020307661837774937,0.0007355460154064297,0.03577507164426688,0.5480613803861651,49,False,,False,0.33428890192512917,200
3,117,tfim,12,2,0.05,0.01,1.0,-12.210901427882645,0.06247196684796733,active,0.0,0.020138818272516203,0.020138818273141026,0.0006752976583064421,0.034892220325829636,0.5521489005812154,49,False,,False,0.33428890192512917,200
3,118,tfim,12,2,0.05,0.01,1.0,-12.211642995625663,0.04943270135580403,active,0.0,0.01997220711998714,0.019972207120606888,0.0006141551863307151,0.036413591080882705,0.5562425863490658,49,False,,False,0.33428890192512917,200
3,119,tfim,12,2,0.05,0.01,1.0,-12.212233441202953,0.07121598171151235,local_min,0.0,0.019809291696933733,0.019809291697548578,0.0005685844670840002,0.03692262063833092,0.5603045927700414,49,False,,False,0.33428890192512917,200
3,120,tfim,12,2,0.05,0.01,1.0,-12.213126892043999,0.0426694900847887,local_min,0.0,0.01964777501690566,0.019647775017515575,0.0005154902204044324,0.0372920516726304,0.5643907155225216,49,False,,False,0.33428890192512917,200
3,121,tfim,12,2,0.05,0.01,1.0,-12.21384824578375,0.05650236293515259,local_min,0.0,0.01948926456122012,0.01948926456182522,0.0004716849734181838,0.038579860384959544,0.5684591471465995,49,False,,False,0.33428890192512917,200
3,122,tfim,12,2,0.05,0.01,1.0,-12.214676532879743,0.05563485799685994,local_min,0.0,0.019333268086720024,0.019333268087320388,0.00043186914874189476,0.03903324442074245,0.5725207293314573,49,False,,False,0.33428890192512917,200
3,123,tfim,12,2,0.05,0.01,1.0,-12.215595814369987,0.04393997448778072,local_min,0.0,0.019179268630435686,0.019179268631031345,0.00039110475461256983,0.03999672348131766,0.5765876502393644,49,False,,False,0.33428890192512917,200
3,124,tfim,12,2,0.05,0.01,1.0,-12.216453102418035,0.055468948929715926,local_min,0.0,0.01902799429926964,0.019027994299860698,0.0003580440291008602,0.04100120181418242,0.5806392539237129,49,False,,False,0.33428890192512917,200
3,125,tfim,12,2,0.05,0.01,1.0,-12.21744192057206,0.04866501092160795,local_min,0.0,0.01887882706060907,0.018878827061195577,0.000325411754766965,0.04174858638599779,0.5846905680482858,49,False,,False,0.33428890192512917,200
3,126,tfim,12,2,0.05,0.01,1.0,-12.218445384150975,0.04887890983638274,local_min,0.0,0.018731913922104288,0.018731913922686305,0.0002954395496416378,0.04284769889698812,0.5887363039441134,49,False,,False,0.33428890192512917,200
3,127,tfim,12,2,0.05,0.01,1.0,-12.219478809739654,0.05334066563075929,local_min,0.0,0.018587318341091483,0.018587318341669098,0.00026971234639605276,0.043805231123158005,0.5927732638108332,49,False,,False,0.33428890192512917,200
3,128,tfim,12,2,0.05,0.01,1.0,-12.220605476941838,0.04914927317867459,active,0.0,0.018444744390793053,0.01844474439136631,0.0002445183007247055,0.044785556764560544,0.5968083579704077,49,False,,False,0.33428890192512917,200
3,129,tfim,12,2,0.05,0.01,1.0,-12.22175061583166,0.052377377339986035,active,0.0,0.018304376114657184,0.01830437611522616,0.00022245242306542445,0.04590123702764919,0.6008350564814973,49,False,,False,0.33428890192512917,200
3,130,tfim,12,2,0.05,0.01,1.0,-12.222961530771226,0.05333998742684988,active,0.0,0.01816605904098904,0.018166059041553797,0.0002025324749643957,0.04692453813250462,0.6048564200395667,49,False,,False,0.33428890192512917,200
3,131,tfim,12,2,0.05,0.01,1.0,-12.22423826852219,0.05242069564956028,active,0.0,0.018029711928440245,0.018029711929000835,0.000183717921683451,0.048020536120584566,0.6088735449083251,49,False,,False,0.33428890192512917,200
3,132,tfim,12,2,0.05,0.01,1.0,-12.225553954992604,0.05512736343067997,active,0.0,0.01789541284824538,0.01789541284880188,0.00016731968748580513,0.049143600145397044,0.6128828359985019,49,False,,False,0.33428890192512917,200
3,133,tfim,12,2,0.05,0.01,1.0,-12.226939744523765,0.05535620433179917,active,0.0,0.017763005872110684,0.017763005872663138,0.0001521848161885184,0.050231571201192586,0.6168876689210955,49,False,,False,0.33428890192512917,200
3,134,tfim,12,2,0.05,0.01,1.0,-12.228380222410328,0.05607106489488771,active,0.0,0.017632482501082687,0.017632482501631158,0.00013833029520272474,0.05136215882657871,0.6208870886692713,49,False,,False,0.33428890192512917,200
3,135,tfim,12,2,0.05,0.01,1.0,-12.22987114919289,0.05784955914652546,active,0.0,0.017503845584032025,0.017503845584576575,0.00012611518670389897,0.052476701693969396,0.624879770506659,49,False,,False,0.33428890192512917,200
3,136,tfim,12,2,0.05,0.01,1.0,-12.231424087842122,0.058258278434843165,active,0.0,0.017376986814634888,0.01737698681517556,0.00011482909894630973,0.05357242784411776,0.6288678734055863,49,False,,False,0.33428890192512917,200
3,137,tfim,12,2,0.05,0.01,1.0,-12.233024759758917,0.05940424922635685,active,0.0,0.017251902831485876,0.01725190283202273,0.00010468981340658307,0.05466984684842112,0.6328503397631293,49,False,,False,0.33428890192512917,200
3,138,tfim,12,2,0.05,0.01,1.0,-12.234673496585241,0.060571848038115945,active,0.0,0.017128566700030972,0.017128566700564063,9.564934577051841e-05,0.05572892580296934,0.6368268554174737,49,False,,False,0.33428890192512917,200
3,139,tfim,12,2,0.05,0.01,1.0,-12.236369366643622,0.061162540797469835,active,0.0,0.017006909858875006,0.017006909859404392,8.737226937580345e-05,0.056754935665563375,0.6407984908135865,49,False,,False,0.33428890192512917,200
3,140,tfim,12,2,0.05,0.01,1.0,-12.23810097611565,0.0621964265728259,active,0.0,0.016886918533469707,0.016886918533995432,8.000999018705956e-05,0.057745785820958295,0.6447645801218214,49,False,,False,0.33428890192512917,200
3,141,tfim,12,2,0.05,0.01,1.0,-12.239866110622991,0.06300226292138748,active,0.0,0.016768560513554805,0.016768560514076918,7.34220351212795e-05,0.05868160562409333,0.648725075720834,49,False,,False,0.33428890192512917,200
3,142,tfim,12,2,0.05,0.01,1.0,-12.241657866226253,0.06360918121834896,active,0.0,0.01665179098036269,0.016651790980881237,6.747715011557155e-05,0.059566182585535775,0.6526803880178057,49,False,,False,0.33428890192512917,200
3,143,tfim,12,2,0.05,0.01,1.0,-12.243466916490886,0.06439579455513757,active,0.0,0.016536588999927215,0.016536589000442248,6.223783837621241e-05,0.06039412057164279,0.656630153567554,49,False,,False,0.33428890192512917,200
3,144,tfim,12,2,0.05,0.01,1.0,-12.24528887769564,0.06498673410348459,active,0.0,0.016422926471642937,0.016422926472154497,5.758488885905654e-05,0.0611616807752655,0.6605742704383634,49,False,,False,0.33428890192512917,200
3,145,tfim,12,2,0.05,0.01,1.0,-12.247116636151551,0.06554976801051977,active,0.0,0.016310772143127216,0.016310772143635355,5.3472993042677344e-05,0.061878205733903686,0.6645127719164429,49,False,,False,0.33428890192512917,200
3,146,tfim,12,2,0.05,0.01,1.0,-12.248944679751355,0.06619067912215315,active,0.0,0.016200103749380905,0.01620010374988566,4.990877322068164e-05,0.06254846602133211,0.668445399897866,49,False,,False,0.33428890192512917,200
3,147,tfim,12,2,0.05,0.01,1.0,-12.250771087806692,0.06674606175788675,active,0.0,0.016090898981927466,0.016090898982428888,4.680593732266165e-05,0.0631829215448195,0.6723719133335986,49,False,,False,0.33428890192512917,200
3,148,tfim,12,2,0.05,0.01,1.0,-12.252594197003333,0.06735801690611183,active,0.0,0.015983134008024414,0.015983134008522543,4.4134996225341046e-05,0.06379900911903352,0.6762921430880064,49,False,,False,0.33428890192512917,200
3,149,tfim,12,2,0.05,0.01,1.0,-12.25441568820235,0.06803844198082756,active,0.0,0.01587678686863182,0.0158767868691267,4.186271586206836e-05,0.06441197203487053,0.6802058699838408,49,False,,False,0.33428890192512917,200
3,150,tfim,12,2,0.05,0.01,1.0,-12.256240312660273,0.0687185948525818,active,0.0,0.01577183747521436,0.015771837475706027,3.99096991885392e-05,0.06503844128168398,0.6841128215306272,49,False,,False,0.33428890192512917,200
3,151,tfim,12,2,0.05,0.01,1.0,-12.258074171003651,0.06946404942885567,active,0.0,0.015668263350940903,0.015668263351429408,3.8224492344166e-05,0.06569326400275796,0.6880128297634223,49,False,,False,0.33428890192512917,200
3,152,tfim,12,2,0.05,0.01,1.0,-12.259925761559263,0.07024145733732401,active,0.0,0.015566040413601075,0.015566040414086454,3.673946298420675e-05,0.06638489221379844,0.6919058069207473,49,False,,False,0.33428890192512917,200
3,153,tfim,12,2,0.05,0.01,1.0,-12.261804635757851,0.0710048392660032,active,0.0,0.01546514590002823,0.015465145900510522,3.536958890784377e-05,0.06711648215452286,0.6957916362093819,49,False,,False,0.33428890192512917,200
3,154,tfim,12,2,0.05,0.01,1.0,-12.263720082490114,0.07176387141019375,active,0.0,0.015365554230164842,0.015365554230644085,3.405044197612852e-05,0.06788382658022513,0.699670331509712,49,False,,False,0.33428890192512917,200
3,155,tfim,12,2,0.05,0.01,1.0,-12.265681153545676,0.0724806021381359,active,0.0,0.01526723776970492,0.015267237770181158,3.2717886017375135e-05,0.06867564558913207,0.7035420138553461,49,False,,False,0.33428890192512917,200
3,156,tfim,12,2,0.05,0.01,1.0,-12.267695721381784,0.07313578495277306,active,0.0,0.015170170627863707,0.015170170628336976,3.131937521140526e-05,0.06947730283939532,0.7074067644696149,49,False,,False,0.33428890192512917,200
3,157,tfim,12,2,0.05,0.01,1.0,-12.269770251273359,0.07374488603908437,active,0.0,0.015074325879033798,0.01507432587950413,2.9832846402455212e-05,0.07027298849176854,0.7112647340146734,49,False,,False,0.33428890192512917,200
3,158,tfim,12,2,0.05,0.01,1.0,-12.271910464689567,0.07431089408600884,active,0.0,0.014979676624931533,0.014979676625398968,2.8254883887754496e-05,0.0710491664067609,0.7151161019981803,49,False,,False,0.33428890192512917,200
3,159,tfim,12,2,0.05,0.01,1.0,-12.27412170354755,0.07485687824683722,active,0.0,0.014886199189808708,0.01488619919027328,2.6603766588820836e-05,0.07179826023276578,0.7189609451802887,49,False,,False,0.33428890192512917,200
3,160,tfim,12,2,0.05,0.01,1.0,-12.276409682739018,0.07541827256314333,active,0.0,0.014793870783708718,0.014793870784170465,2.4919342235782258e-05,0.07251940817707667,0.722799328694939,49,False,,False,0.33428890192512917,200
3,161,tfim,12,2,0.05,0.01,1.0,-12.27878130686632,0.07601301377530245,active,0.0,0.014702669810049205,0.01470266981050816,2.3247463002598297e-05,0.07321773035086163,0.726631291621938,49,False,,False,0.33428890192512917,200
3,162,tfim,12,2,0.05,0.01,1.0,-12.28124485924903,0.07665354764969667,active,0.0,0.014612577550027506,0.014612577550483697,2.1633992507982536e-05,0.073902268208403,0.7304567729388012,49,False,,False,0.33428890192512917,200
3,163,tfim,12,2,0.05,0.01,1.0,-12.283809924657765,0.07734040964955212,active,0.0,0.014523575871584829,0.014523575872038291,2.0119902534574584e-05,0.074582072688163,0.7342757043880135,49,False,,False,0.33428890192512917,200
3,164,tfim,12,2,0.05,0.01,1.0,-12.286487018118088,0.07805036674892074,active,0.0,0.014435647125721962,0.014435647126172726,1.8733972839542083e-05,0.07526189706597251,0.7380880141152029,49,False,,False,0.33428890192512917,200
3,165,tfim,12,2,0.05,0.01,1.0,-12.289286898280594,0.07874734319952104,active,0.0,0.01434877529478397,0.014348775295232069,1.7494514757245376e-05,0.0759386555946345,0.7418935754419969,49,False,,False,0.33428890192512917,200
3,166,tfim,12,2,0.05,0.01,1.0,-12.292220037286219,0.07938554474570308,active,0.0,0.014262944605039933,0.014262944605485403,1.6413416783762617e-05,0.07659926582542026,0.745692265308274,49,False,,False,0.33428890192512917,200
3,167,tfim,12,2,0.05,0.01,1.0,-12.295296363757645,0.07990675151050024,active,0.0,0.014178139764959595,0.014178139765402465,1.5498296903527988e-05,0.07721992706433987,0.7494839533934319,49,False,,False,0.33428890192512917,200
3,168,tfim,12,2,0.05,0.01,1.0,-12.298525192307213,0.08024398597328991,active,0.0,0.014094346961395226,0.014094346961835523,1.475654535402231e-05,0.07776618922281349,0.753268456174179,49,False,,False,0.33428890192512917,200
3,169,tfim,12,2,0.05,0.01,1.0,-12.301915307051438,0.08032211057056134,active,0.0,0.014011553053690331,0.014011553054128089,1.419853309539498e-05,0.07819357575834353,0.7570455708642335,49,False,,False,0.33428890192512917,200
3,170,tfim,12,2,0.05,0.01,1.0,-12.305474950505621,0.0800608643360174,active,0.0,0.013929746002948815,0.013929746003384069,1.3840604516575825e-05,0.07844891988947345,0.7608150543361331,49,False,,False,0.33428890192512917,200
3,171,tfim,12,2,0.05,0.01,1.0,-12.30921152303298,0.07938923419444013,active,0.0,0.013848916201641191,0.013848916202073965,1.371294487384588e-05,0.07847295261222609,0.7645765587387248,49,False,,False,0.33428890192512917,200
3,172,tfim,12,2,0.05,0.01,1.0,-12.313131088506484,0.07826758248969923,active,0.0,0.01376905721336987,0.013769057213800196,1.3872096819454896e-05,0.07820552638320771,0.7683295912748747,49,False,,False,0.33428890192512917,200
3,173,tfim,12,2,0.05,0.01,1.0,-12.317237870626368,0.07671809417553195,active,0.0,0.01369016785361709,0.013690167854045,1.4415454021380301e-05,0.07759508399126931,0.7720734079371403,49,False,,False,0.33428890192512917,200
3,174,tfim,12,2,0.05,0.01,1.0,-12.321533895749264,0.07485993360668039,active,0.0,0.013612254773454189,0.013612254773879706,1.549266431875083e-05,0.07661294286003971,0.7758068772023908,49,False,,False,0.33428890192512917,200
3,175,tfim,12,2,0.05,0.01,1.0,-12.32601868634504,0.07293198556034915,active,0.0,0.01353533347759533,0.013535333478018491,1.7303219263756342e-05,0.07527117923154446,0.7795284125923572,49,False,,False,0.33428890192512917,200
3,176,tfim,12,2,0.05,0.01,1.0,-12.330688308173785,0.0712825689392237,active,0.0,0.013459427779857131,0.013459427780277963,2.006998372866844e-05,0.07364051790589547,0.7832359790296913,49,False,,False,0.33428890192512917,200
3,177,tfim,12,2,0.05,0.01,1.0,-12.335532474982179,0.07029877560502949,active,0.0,0.013384566185743347,0.013384566186161873,2.398394270515275e-05,0.07186087223371293,0.7869272529394488,49,False,,False,0.33428890192512917,200
3,178,tfim,12,2,0.05,0.01,1.0,-12.34052824967374,0.0702617510311153,active,0.0,0.013310773760140254,0.013310773760556505,2.9124792606774414e-05,0.07013320756000423,0.7906000182617926,49,False,,False,0.33428890192512917,200
3,179,tfim,12,2,0.05,0.01,1.0,-12.345629762989129,0.07118290801217024,active,0.0,0.013238061158113818,0.01323806115852782,3.538001623759122e-05,0.06868159485645531,0.7942527283879411,49,False,,False,0.33428890192512917,200
3,180,tfim,12,2,0.05,0.01,1.0,-12.350756214946719,0.07274212739166934,active,0.0,0.013166414017685446,0.013166414018097214,4.240510339084652e-05,0.06768548977094851,0.7978850802216989,49,False,,False,0.33428890192512917,200
3,181,tfim,12,2,0.05,0.01,1.0,-12.355785481360718,0.07441986014904797,active,0.0,0.013095787758324007,0.013095787758733574,4.9674322497163745e-05,0.06720873918404112,0.801498339805405,49,False,,False,0.33428890192512917,200
3,182,tfim,12,2,0.05,0.01,1.0,-12.360565831914569,0.07578843079114882,active,0.0,0.013026113667046998,0.013026113667454375,5.6641698839205236e-05,0.06717729233170906,0.8050950969006854,49,False,,False,0.33428890192512917,200
3,183,tfim,12,2,0.05,0.01,1.0,-12.364957428895643,0.07679382916909637,active,0.0,0.01295731631091937,0.012957316311324588,6.294789900771965e-05,0.06744338287694115,0.808678410072628,49,False,,False,0.33428890192512917,200
3,184,tfim,12,2,0.05,0.01,1.0,-12.368899983692197,0.07778865830651595,active,0.0,0.012889332152996218,0.012889332153399302,6.851381434077774e-05,0.06790692851622476,0.8122508400690552,49,False,,False,0.33428890192512917,200
3,185,tfim,12,2,0.05,0.01,1.0,-12.372472985022684,0.0791524447052599,active,0.0,0.012822114184490791,0.012822114184891766,7.337701827966897e-05,0.06859440894231937,0.815814176160963,49,False,,False,0.33428890192512917,200
3,186,tfim,12,2,0.05,0.01,1.0,-12.375892208003734,0.08070693544746758,active,0.0,0.012755616367012028,0.012755616367410925,7.733823831162611e-05,0.06959727717165627,0.8193702339424173,49,False,,False,0.33428890192512917,200
3,187,tfim,12,2,0.05,0.01,1.0,-12.379408714170856,0.08153565537721265,active,0.0,0.012689772576651112,0.012689772577047962,7.975207422968913e-05,0.07088446472165132,0.8229219943627943,49,False,,False,0.33428890192512917,200
3,188,tfim,12,2,0.05,0.01,1.0,-12.383154935294431,0.08053626354502823,active,0.0,0.012624497019668043,0.012624497020062858,7.979099511905773e-05,0.07215659620095985,0.8264736286807296,49,False,,False,0.33428890192512917,200
3,189,tfim,12,2,0.05,0.01,1.0,-12.387057836735858,0.07731605511404602,active,0.0,0.01255971726016593,0.012559717260558727,7.710483245553853e-05,0.07292214506302352,0.8300287255718677,49,False,,False,0.33428890192512917,200
3,190,tfim,12,2,0.05,0.01,1.0,-12.390916207916856,0.07275771813991046,active,0.0,0.012495415757304179,0.012495415757694967,7.230878921377043e-05,0.0727843931935671,0.8335879523674723,49,False,,False,0.33428890192512917,200
3,191,tfim,12,2,0.05,0.01,1.0,-12.394594809762197,0.06864640915645166,active,0.0,0.012431636136786826,0.012431636137175614,6.670661682381461e-05,0.07172622589887297,0.8371485745177332,49,False,,False,0.33428890192512917,200
3,192,tfim,12,2,0.05,0.01,1.0,-12.398147820494472,0.06630205431582127,active,0.0,0.012368439864838552,0.012368439865225372,6.137764539492772e-05,0.07015696915489385,0.8407067595433175,49,False,,False,0.33428890192512917,200
3,193,tfim,12,2,0.05,0.01,1.0,-12.401735475966092,0.06573579344012682,active,0.0,0.012305859757117827,0.012305859757502693,5.660616402108365e-05,0.06866721690910461,0.8442601844408422,49,False,,False,0.33428890192512917,200
3,194,tfim,12,2,0.05,0.01,1.0,-12.40543776657295,0.06663594625549683,active,0.0,0.012243904917474216,0.012243904917857151,5.23040235335479e-05,0.06771220571535569,0.8478078196004691,49,False,,False,0.33428890192512917,200
3,195,tfim,12,2,0.05,0.01,1.0,-12.409200022687607,0.06914574520564179,active,0.0,0.012182596512526988,0.012182596512908012,4.867818504772568e-05,0.06749551751760592,0.8513479111794291,49,False,,False,0.33428890192512917,200
3,196,tfim,12,2,0.05,0.01,1.0,-12.412956427653052,0.07276232895004019,active,0.0,0.012121968247946582,0.012121968248325713,4.6071030725147266e-05,0.06800872686265463,0.8548779241509167,49,False,,False,0.33428890192512917,200
3,197,tfim,12,2,0.05,0.01,1.0,-12.416728951036482,0.07573353258989679,active,0.0,0.012062030962379051,0.012062030962756312,4.434655811072592e-05,0.06901469379674716,0.8583965990940547,49,False,,False,0.33428890192512917,200
3,198,tfim,12,2,0.05,0.01,1.0,-12.420564733173231,0.0765506286096645,active,0.0,0.01200276551275844,0.012002765513133846,4.2986741294897894e-05,0.07004999453021145,0.861904430175222,49,False,,False,0.33428890192512917,200
3,199,tfim,12,2,0.05,0.01,1.0,-12.424438552889743,0.07533709219945459,active,0.0,0.011944157242379017,0.011944157242752579,4.180038810080663e-05,0.07064004006946113,0.8654016725753266,49,False,,False,0.33428890192512917,200
3,200,tfim,12,2,0.05,0.01,1.0,-12.428280249098936,0.073312224442577,active,0.0,0.011886211211844917,0.011886211212216655,4.106508495107199e-05,0.07058216863075106,0.8688874119608067,49,False,,False,0.33428890192512917,200
4,1,tfim,12,2,0.05,0.01,1.0,-8.923539493783865,5.527477925016934,active,0.0,0.0,0.0001,0.0,4.898979485566355,4.999995000005001,49,False,,False,0.26511383978994374,200
4,2,tfim,12,2,0.05,0.01,1.0,-10.148598808869526,4.43493391783055,active,0.0,0.013593796271390039,0.013593796274794378,0.06389139605913781,4.628946334659795,0.7766966753816547,49,False,,False,0.26511383978994374,200
4,3,tfim,12,2,0.05,0.01,1.0,-11.01722624216363,3.1564913990064336,active,0.0,0.05638476147259467,0.056384761475601515,0.0823127871371367,3.9850840305717057,0.21227902018623318,49,False,,False,0.26511383978994374,200
4,4,tfim,12,2,0.05,0.01,1.0,-11.502933554899903,2.111082145617696,active,0.0,0.11309402205102602,0.11309402205376196,0.08237342402230559,3.248974562406431,0.1081370775743014,49,False,,False,0.26511383978994374,200
4,5,tfim,12,2,0.05,0.01,1.0,-11.722513380352469,1.6200536000242474,active,0.0,0.16837139384890035,0.1683713938514487,0.08041638987251269,2.5523536581380917,0.1,49,False,,False,0.26511383978994374,200
4,6,tfim,12,2,0.05,0.01,1.0,-11.805833994416767,1.6029020176419755,active,0.0,0.21163419944419445,0.21163419944661765,0.08129233247632119,1.9767374875888948,0.1,49,False,,False,0.26511383978994374,200
4,7,tfim,12,2,0.05,0.01,1.0,-11.842302973761539,1.6803953872496238,active,0.0,0.23911761705733983,0.23911761705968293,0.0838390624101863,1.5629068207573042,0.1,49,False,,False,0.26511383978994374,200
4,8,tfim,12,2,0.05,0.01,1.0,-11.875003408678147,1.6639093654915098,active,0.0,0.25196447930424143,0.25196447930653454,0.08568617653752514,1.3078460604905893,0.1,49,False,,False,0.26511383978994374,200
4,9,tfim,12,2,0.05,0.01,1.0,-11.915271582490297,1.535682092498934,active,0.0,0.25360657737621844,0.2536065773784783,0.08543884802238576,1.166008791905103,0.1,49,False,,False,0.26511383978994374,200
4,10,tfim,12,2,0.05,0.01,1.0,-11.959314316313748,1.3340628801964418,active,0.0,0.24790392930359736,0.24790392930582827,0.08299043382901118,1.076164390299992,0.1,49,False,,False,0.26511383978994374,200
4,11,tfim,12,2,0.05,0.01,1.0,-11.999879095041203,1.1103868627605724,active,0.0,0.23815459058511113,0.23815459058730773,0.07903085593534727,0.9944456234857805,0.1,49,False,,False,0.26511383978994374,200
4,12,tfim,12,2,0.05,0.01,1.0,-12.032126950242402,0.9131729656368315,active,0.0,0.22672112922790197,0.22672112923005283,0.0744341580389391,0.9033448425849516,0.1,49,False,,False,0.26511383978994374,200
4,13,tfim,12,2,0.05,0.01,1.0,-12.055081276419637,0.775334198630676,active,0.0,0.21503639115579845,0.21503639115789128,0.06984691810645122,0.8037239324483222,0.1,49,False,,False,0.26511383978994374,200
4,14,tfim,12,2,0.05,0.01,1.0,-12.07057469675543,0.6997431876226183,active,0.0,0.20380891801062426,0.20380891801264947,0.06555412480707257,0.704817193429016,0.1,49,False,,False,0.26511383978994374,200
4,15,tfim,12,2,0.05,0.01,1.0,-12.081429543225381,0.6601191978003044,active,0.0,0.19328935705980058,0.19328935706175368,0.06155279921992365,0.6167357664082169,0.1,49,False,,False,0.26511383978994374,200
4,16,tfim,12,2,0.05,0.01,1.0,-12.090015597729696,0.6248857708663489,active,0.0,0.18350312284254552,0.1835031228444266,0.05771003368988246,0.5454478142270093,0.1,49,False,,False,0.26511383978994374,200
4,17,tfim,12,2,0.05,0.01,1.0,-12.097624827564768,0.5762248261925353,active,0.0,0.17440488177531285,0.17440488177712507,0.05390200934398278,0.49055467316977386,0.1,49,False,,False,0.26511383978994374,200
4,18,tfim,12,2,0.05,0.01,1.0,-12.10456211547545,0.5116608785125932,active,0.0,0.16595314752403892,0.16595314752578655,0.05008437882185102,0.4466598965083875,0.1,49,False,,False,0.26511383978994374,200
4,19,tfim,12,2,0.05,0.01,1.0,-12.110600489981616,0.4387531939237923,active,0.0,0.15812763111825814,0.1581276311199453,0.04629457997205346,0.40723113152724566,0.1,49,False,,False,0.26511383978994374,200
4,20,tfim,12,2,0.05,0.01,1.0,-12.11545320032115,0.3699090968277563,active,0.0,0.15091801460715393,0.15091801460878396,0.04261432866568957,0.3679924648811719,0.1,49,False,,False,0.26511383978994374,200
4,21,tfim,12,2,0.05,0.01,1.0,-12.119056537501509,0.31756572165492203,active,0.0,0.14430702770566609,0.14430702770724155,0.03912488056968222,0.32812702317813114,0.1,49,False,,False,0.26511383978994374,200
4,22,tfim,12,2,0.05,0.01,1.0,-12.12162127342822,0.28810966312692676,active,0.0,0.1382604031807557,0.13826040318227859,0.03587714719392052,0.2896940250018216,0.1,49,False,,False,0.26511383978994374,200
4,23,tfim,12,2,0.05,0.01,1.0,-12.123523758432105,0.2772798235563242,active,0.0,0.1327267911977457,0.13272679119921818,0.0328837037006585,0.25617600906040405,0.1,49,False,,False,0.26511383978994374,200
4,24,tfim,12,2,0.05,0.01,1.0,-12.12514632861145,0.273896347411276,active,0.0,0.12764476221368967,0.1276447622151139,0.030127908022588436,0.23064483727728133,0.1,49,False,,False,0.26511383978994374,200
4,25,tfim,12,2,0.05,0.01,1.0,-12.126755195759596,0.268086801077439,active,0.0,0.12295205084747436,0.12295205084885275,0.027580205753164947,0.21400843001497766,0.1,49,False,,False,0.26511383978994374,200
4,26,tfim,12,2,0.05,0.01,1.0,-12.128454997097373,0.25497182006880353,active,0.0,0.11859307409705426,0.11859307409838936,0.025212634045884055,0.20436979173302933,0.103226380494028,49,False,,False,0.26511383978994374,200
4,27,tfim,12,2,0.05,0.01,1.0,-12.130213425984264,0.23400220980514028,active,0.0,0.11452284576770055,0.11452284576899496,0.02300672243679326,0.19816540706662888,0.10681674719970154,49,False,,False,0.26511383978994374,200
4,28,tfim,12,2,0.05,0.01,1.0,-12.131923942446925,0.20728287455180938,active,0.0,0.11070735598579429,0.1107073559870504,0.020954412591056727,0.19202437284258927,0.1104168506994053,49,False,,False,0.26511383978994374,200
4,29,tfim,12,2,0.05,0.01,1.0,-12.133471456605537,0.17819707288988967,active,0.0,0.10712161472371103,0.1071216147249311,0.019054426203680138,0.18387485977221188,0.11402860418023705,49,False,,False,0.26511383978994374,200
4,30,tfim,12,2,0.05,0.01,1.0,-12.134777424995715,0.15044077985940868,active,0.0,0.10374681041857543,0.10374681041976153,0.017307262489447583,0.17306727893787846,0.11765058787767732,49,False,,False,0.26511383978994374,200
4,31,tfim,12,2,0.05,0.01,1.0,-12.135816755055737,0.12726979150608544,active,0.0,0.10056769782378085,0.1005676978249348,0.0157112520692658,0.16001305985489664,0.1212795081362252,49,False,,False,0.26511383978994374,200
4,32,tfim,12,2,0.05,0.01,1.0,-12.136611507057278,0.11071563088126564,active,0.0,0.09757077520389174,0.09757077520501524,0.014260735585602724,0.14573066318375982,0.12491159044438882,49,False,,False,0.26511383978994374,200
4,33,tfim,12,2,0.05,0.01,1.0,-12.137212278360362,0.100847820962125,active,0.0,0.09474332411167112,0.09474332411276569,0.012946234755431033,0.13144858130405815,0.12854352515023643,49,False,,False,0.26511383978994374,200
4,34,tfim,12,2,0.05,0.01,1.0,-12.13767789999336,0.09583320821648508,active,0.0,0.09207309937577839,0.09207309937684549,0.01175582646074038,0.11829352595448586,0.13217288797843102,49,False,,False,0.26511383978994374,200
4,35,tfim,12,2,0.05,0.01,1.0,-12.138060293449582,0.0931403397606489,active,0.0,0.08954837522516994,0.08954837522621086,0.010676832959005345,0.10706184942144314,0.13579815645769897,49,False,,False,0.26511383978994374,200
4,36,tfim,12,2,0.05,0.01,1.0,-12.138396855031221,0.09079478996343976,active,0.0,0.0871581052553894,0.08715810525640537,0.009697198862583446,0.09808748771916935,0.13941851231238614,49,False,,False,0.26511383978994374,200
4,37,tfim,12,2,0.05,0.01,1.0,-12.138709420342801,0.08778687455077362,active,0.0,0.08489205536476081,0.08489205536575291,0.008806288163486112,0.09124014502663394,0.1430335925873693,49,False,,False,0.26511383978994374,200
4,38,tfim,12,2,0.05,0.01,1.0,-12.139007324616253,0.08388266980910371,active,0.0,0.08274086000882208,0.08274086000979135,0.007995125009006414,0.08606302832039392,0.1466432838910599,49,False,,False,0.26511383978994374,200
4,39,tfim,12,2,0.05,0.01,1.0,-12.139292009879856,0.07930885651491902,active,0.0,0.08069600770305416,0.08069600770400155,0.007256251892861454,0.08198714664266141,0.15024758963190185,49,False,,False,0.26511383978994374,200
4,40,tfim,12,2,0.05,0.01,1.0,-12.139561358107704,0.07450208004411357,active,0.0,0.07874978257750272,0.07874978257842917,0.006583404521402145,0.07851823975314667,0.15384656080107134,49,False,,False,0.26511383978994374,200
4,41,tfim,12,2,0.05,0.01,1.0,-12.139900656068562,0.20464533091589568,local_min,0.0,0.07695202590107568,0.0769520259019839,0.006130981127999314,0.07651663043754868,0.15732763847009307,49,False,,False,0.26511383978994374,200
4,42,tfim,12,2,0.05,0.01,1.0,-12.151263020717845,0.1699962451826606,active,0.0,0.07522810237116843,0.07522810237205883,0.005666839077297359,0.07968771632540761,0.16081699175244663,49,False,,False,0.26511383978994374,200
4,43,tfim,12,2,0.05,0.01,1.0,-12.159863783423285,0.1988656836138956,active,0.0,0.07359798112209515,0.07359798112296892,0.005268188489902026,0.08706632482161178,0.16426190820081873,49,False,,False,0.26511383978994374,200
4,44,tfim,12,2,0.05,0.01,1.0,-12.168541163424752,0.18856422865516856,active,0.0,0.07204548292221126,0.0720454829230693,0.00488008021111204,0.0952279539518827,0.16768285737496255,49,False,,False,0.26511383978994374,200
4,45,tfim,12,2,0.05,0.01,1.0,-12.178801353662195,0.16739968106626085,active,0.0,0.07055607771310093,0.07055607771394375,0.004494753375870984,0.10175938522666853,0.17110143281076845,49,False,,False,0.26511383978994374,200
4,46,tfim,12,2,0.05,0.01,1.0,-12.187193780131711,0.13117786821445832,active,0.0,0.0691128300164425,0.06911283001727014,0.004115046360801643,0.09995493902424511,0.17454972189697937,49,False,,False,0.26511383978994374,200
4,47,tfim,12,2,0.05,0.01,1.0,-12.192196936154405,0.10679702383217822,active,0.0,0.06771329190399959,0.06771329190481219,0.0037622993515355903,0.09228632654859868,0.1780289631202372,49,False,,False,0.26511383978994374,200
4,48,tfim,12,2,0.05,0.01,1.0,-12.195729656623518,0.04720533625831063,active,0.0,0.06635261885144499,0.0663526188522426,0.0034300371454848914,0.07474940816579498,0.18154719100956448,49,False,,False,0.26511383978994374,200
4,49,tfim,12,2,0.05,0.01,1.0,-12.194576693031337,0.08759676373861054,active,0.0,0.06504223301309069,0.06504223301387378,0.0031587775774548966,0.0532114646772204,0.18506938517866078,49,False,,False,0.26511383978994374,200
4,50,tfim,12,2,0.05,0.01,1.0,-12.19338769593304,0.09678242932924026,active,0.0,0.06377924773680214,0.0637792477375711,0.0029179801114841367,0.034762822119005596,0.18859597770554237,49,False,,False,0.26511383978994374,200
4,51,tfim,12,2,0.05,0.01,1.0,-12.19256317972989,0.0968925619177661,active,0.0,0.06256509790825361,0.06256509790900895,0.0026950975297186067,0.02446690013589466,0.19211528025882146,49,False,,False,0.26511383978994374,200
4,52,tfim,12,2,0.05,0.01,1.0,-12.192162267502761,0.10028635710525076,active,0.0,0.0614002662806017,0.06140026628134402,0.0024897817765141468,0.02483441563262094,0.19561733054548036,49,False,,False,0.26511383978994374,200
4,53,tfim,12,2,0.05,0.01,1.0,-12.192936183432517,0.08890952605138085,active,0.0,0.060277954199605875,0.06027795420033565,0.002287879267263326,0.032998834595469186,0.1991144767551582,49,False,,False,0.26511383978994374,200
4,54,tfim,12,2,0.05,0.01,1.0,-12.194421712401722,0.062452534653392386,active,0.0,0.05919297717743099,0.059192977178148524,0.0020871157787680597,0.035569660954293494,0.20261624686241,49,False,,False,0.26511383978994374,200
4,55,tfim,12,2,0.05,0.01,1.0,-12.195416516831118,0.058088596224847446,active,0.0,0.058147408655511136,0.05814740865621689,0.0019019354747222654,0.03474573612690089,0.20610937485769504,49,False,,False,0.26511383978994374,200
4,56,tfim,12,2,0.05,0.01,1.0,-12.196360948380715,0.04560650702972494,active,0.0,0.05714018900470541,0.0571401890053998,0.0017296391873994873,0.03135097781580518,0.2095902056084745,49,False,,False,0.26511383978994374,200
4,57,tfim,12,2,0.05,0.01,1.0,-12.196991845507434,0.040624446023031856,active,0.0,0.05616916993472599,0.056169169935409435,0.0015719176234468358,0.026917093733973958,0.21305908164815554,49,False,,False,0.26511383978994374,200
4,58,tfim,12,2,0.05,0.01,1.0,-12.197326577014662,0.042190804861369606,active,0.0,0.05523132895560623,0.05523132895627909,0.0014288912531975045,0.02291676531156818,0.21652020982076517,49,False,,False,0.26511383978994374,200
4,59,tfim,12,2,0.05,0.01,1.0,-12.197664733418213,0.03800206870314569,active,0.0,0.05432396971939097,0.054323969720053544,0.0012974498677093221,0.02052898938801477,0.21997758185117552,49,False,,False,0.26511383978994374,200
4,60,tfim,12,2,0.05,0.01,1.0,-12.19788411847259,0.037887092436761624,active,0.0,0.053445307126876694,0.05344530712752927,0.0011781796047465852,0.019103305464575435,0.22343249297158013,49,False,,False,0.26511383978994374,200
4,61,tfim,12,2,0.05,0.01,1.0,-12.198128619505,0.03434238019776523,local_min,0.0,0.05259310640229554,0.05259310640293838,0.0010688611154286128,0.019169158286933486,0.22688862997671871,49,False,,False,0.26511383978994374,200
4,62,tfim,12,2,0.05,0.01,1.0,-12.198383541211662,0.03382951490064395,local_min,0.0,0.05176635132545778,0.05176635132609111,0.0009697485028347585,0.019537487534359483,0.23034530825868607,49,False,,False,0.26511383978994374,200
4,63,tfim,12,2,0.05,0.01,1.0,-12.198700847606903,0.02881798023104441,local_min,0.0,0.050964336687898286,0.05096433668852235,0.0008792619458915307,0.0194673739370391,0.23380070136225287,49,False,,False,0.26511383978994374,200
4,64,tfim,12,2,0.05,0.01,1.0,-12.199036365641131,0.028650370174668538,local_min,0.0,0.05018635755752159,0.05018635755813666,0.0007974423587397842,0.019380174438969004,0.2372530572685763,49,False,,False,0.26511383978994374,200
4,65,tfim,12,2,0.05,0.01,1.0,-12.19946013655531,0.025606641668381346,local_min,0.0,0.04943126879508108,0.04943126879568737,0.0007225415182756763,0.019582671795763756,0.24070275362552118,49,False,,False,0.26511383978994374,200
4,66,tfim,12,2,0.05,0.01,1.0,-12.199875973125996,0.026284238633357552,local_min,0.0,0.048698698008260044,0.04869869800885781,0.0006547108264239694,0.019925185635647994,0.24414682161675835,49,False,,False,0.26511383978994374,200
4,67,tfim,12,2,0.05,0.01,1.0,-12.200315260976925,0.025212737603553293,local_min,0.0,0.04798802920875735,0.047988029209346854,0.0005932483138015618,0.02001554843712397,0.24758342872439262,49,False,,False,0.26511383978994374,200
4,68,tfim,12,2,0.05,0.01,1.0,-12.20078191183173,0.02560854822557124,local_min,0.0,0.047298090283967247,0.047298090284548726,0.000537696060030639,0.020255936462325003,0.25101362926140897,49,False,,False,0.26511383978994374,200
4,69,tfim,12,2,0.05,0.01,1.0,-12.201271015936092,0.026955411154369453,local_min,0.0,0.04662773399043666,0.04662773399101033,0.0004875426147855144,0.020757873533747955,0.25443875278954253,49,False,,False,0.26511383978994374,200
4,70,tfim,12,2,0.05,0.01,1.0,-12.201800252045741,0.02798861520824326,local_min,0.0,0.045976188670679825,0.045976188671245886,0.00044222671008196484,0.021437589672171294,0.25785854247477386,49,False,,False,0.26511383978994374,200
4,71,tfim,12,2,0.05,0.01,1.0,-12.202366523652838,0.032556157680559326,local_min,0.0,0.04534294293349908,0.045342942934057745,0.00040198063463519414,0.022295634322980137,0.2612715393406286,49,False,,False,0.26511383978994374,200
4,72,tfim,12,2,0.05,0.01,1.0,-12.20294704045341,0.04710636441833301,local_min,0.0,0.044727584452079826,0.04472758445263131,0.00036927998624495015,0.023679701400940587,0.26467581358080633,49,False,,False,0.26511383978994374,200
4,73,tfim,12,2,0.05,0.01,1.0,-12.20341993371025,0.0831260037166962,local_min,0.0,0.04413167966375988,0.04413167966430446,0.0003556834270172645,0.026537279866021567,0.2680580974133174,49,False,,False,0.26511383978994374,200
4,74,tfim,12,2,0.05,0.01,1.0,-12.20334097623603,0.1604667780536011,local_min,0.0,0.04356203731127004,0.043562037311808265,0.0004085776892155017,0.033861046161522954,0.2713731317852236,49,False,,False,0.26511383978994374,200
4,75,tfim,12,2,0.05,0.01,1.0,-12.201351385868227,0.3001028989176872,local_min,0.0,0.04304374454418664,0.043043744544719896,0.0006801470007589829,0.04972283503675809,0.2744613873749227,49,False,,False,0.26511383978994374,200
4,76,tfim,12,2,0.05,0.01,1.0,-12.198225415529718,0.4264886811135091,local_min,0.0,0.04258895410499958,0.042588954105529674,0.0012572105950802352,0.05939402687249617,0.27722974628811814,49,False,,False,0.26511383978994374,200
4,77,tfim,12,2,0.05,0.01,1.0,-12.203703562604318,0.2813962614865198,local_min,0.0,0.04209055833228335,0.042090558332808475,0.0014355634009112891,0.03182646445155382,0.2803283871448879,49,False,,False,0.26511383978994374,200
4,78,tfim,12,2,0.05,0.01,1.0,-12.207813836265581,0.10288660686639593,local_min,0.0,0.041566895160821855,0.04156689516134088,0.001326422725550474,0.04316822288947612,0.28365963259340715,49,False,,False,0.26511383978994374,200
4,79,tfim,12,2,0.05,0.01,1.0,-12.205806955662364,0.2890580784582464,local_min,0.0,0.04109497272412231,0.041094972724636636,0.0014949716137027888,0.04534418448809437,0.2867302925563633,49,False,,False,0.26511383978994374,200
4,80,tfim,12,2,0.05,0.01,1.0,-12.210449893965965,0.09448287484878493,local_min,0.0,0.04059562026275603,0.040595620263264486,0.0013863111320010296,0.03325732388541834,0.2900526596126304,49,False,,False,0.26511383978994374,200
4,81,tfim,12,2,0.05,0.01,1.0,-12.210747784605656,0.18855589916073515,local_min,0.0,0.04012203402420342,0.04012203402470659,0.0013711004314777566,0.04538140034293658,0.2932755217574301,49,False,,False,0.26511383978994374,200
4,82,tfim,12,2,0.05,0.01,1.0,-12.212928351224074,0.15352403365038214,active,0.0,0.03965346718272252,0.039653467183220305,0.001325498055038014,0.03551365598880833,0.29653549503953136,49,False,,False,0.26511383978994374,200
4,83,tfim,12,2,0.05,0.01,1.0,-12.215403492005787,0.0957061648262477,active,0.0,0.03918850542234049,0.03918850542283277,0.0012224954677883726,0.04280096815312843,0.29984282534855045,49,False,,False,0.26511383978994374,200
4,84,tfim,12,2,0.05,0.01,1.0,-12.216747789690457,0.1557827182197176,active,0.0,0.038742256987259825,0.03874225698774699,0.0011889842051907543,0.04055954085180663,0.3030871769734484,49,False,,False,0.26511383978994374,200
4,85,tfim,12,2,0.05,0.01,1.0,-12.219993872199552,0.04974831667785701,active,0.0,0.03829536483615482,0.03829536483663661,0.0010769017390127188,0.04239607032794225,0.3064073402501734,49,False,,False,0.26511383978994374,200
4,86,tfim,12,2,0.05,0.01,1.0,-12.221802771625935,0.13264531789408307,active,0.0,0.037866083551462766,0.03786608355193955,0.0010292614475046434,0.04473354422980481,0.309665890918028,49,False,,False,0.26511383978994374,200
4,87,tfim,12,2,0.05,0.01,1.0,-12.225222749742194,0.060010107533029634,active,0.0,0.03743988902217873,0.03743988902265038,0.000936544720715342,0.04458932292624226,0.3129703042147402,49,False,,False,0.26511383978994374,200
4,88,tfim,12,2,0.05,0.01,1.0,-12.22796455690938,0.10328833639587828,active,0.0,0.037026669761584384,0.037026669762051136,0.0008752098941674555,0.04821456163225048,0.3162421545956612,49,False,,False,0.26511383978994374,200
4,89,tfim,12,2,0.05,0.01,1.0,-12.23156943102384,0.07652833861526062,active,0.0,0.036620364060959094,0.03662036406142097,0.0008037654137933891,0.04840062936311036,0.3195266583333759,49,False,,False,0.26511383978994374,200
4,90,tfim,12,2,0.05,0.01,1.0,-12.235245540447368,0.07947735345534825,active,0.0,0.03622322425669972,0.03622322425715683,0.0007380916667636241,0.05157205200737875,0.32280367745534805,49,False,,False,0.26511383978994374,200
4,91,tfim,12,2,0.05,0.01,1.0,-12.239226282131881,0.0833053421854906,active,0.0,0.03583512826736036,0.03583512826781282,0.0006819010980786833,0.052505702642455535,0.32607166715713576,49,False,,False,0.26511383978994374,200
4,92,tfim,12,2,0.05,0.01,1.0,-12.243645551759847,0.06685329030864658,active,0.0,0.0354543101607149,0.03545431016116277,0.0006207314646452032,0.05467274107556006,0.3293433373893841,49,False,,False,0.26511383978994374,200
4,93,tfim,12,2,0.05,0.01,1.0,-12.24808709959763,0.08231380296456528,active,0.0,0.03508272948403147,0.03508272948447488,0.0005741111535309858,0.0558713285126797,0.3325995567674837,49,False,,False,0.26511383978994374,200
4,94,tfim,12,2,0.05,0.01,1.0,-12.252962210521506,0.06472960689665247,active,0.0,0.03471796624179035,0.03471796624222935,0.0005224682869976521,0.05709283133728593,0.33585927503787505,49,False,,False,0.26511383978994374,200
4,95,tfim,12,2,0.05,0.01,1.0,-12.257751473001614,0.07859441202626817,active,0.0,0.03436188728061331,0.03436188728104803,0.00048319068293661664,0.058161940901151385,0.33910361282058027,49,False,,False,0.26511383978994374,200
4,96,tfim,12,2,0.05,0.01,1.0,-12.262803891820885,0.06917250153448967,active,0.0,0.03401273540286511,0.03401273540329563,0.0004431152261291014,0.05890183211597683,0.3423462801736141,49,False,,False,0.26511383978994374,200
4,97,tfim,12,2,0.05,0.01,1.0,-12.267821566707422,0.07790772529687136,active,0.0,0.03367149641987204,0.033671496420298444,0.00041127508593438895,0.06016874352262964,0.34557594717571133,49,False,,False,0.26511383978994374,200
4,98,tfim,12,2,0.05,0.01,1.0,-12.273046154404316,0.07834299652452016,active,0.0,0.03333744292716368,0.03333744292758607,0.0003824186495095256,0.06161545241795233,0.34879718269554405,49,False,,False,0.26511383978994374,200
4,99,tfim,12,2,0.05,0.01,1.0,-12.278446799287687,0.08311107268850987,active,0.0,0.0330105993640531,0.03301059936447157,0.00035733493036503773,0.06412247444932274,0.3520075510928915,49,False,,False,0.26511383978994374,200
4,100,tfim,12,2,0.05,0.01,1.0,-12.28405659718251,0.08743467545649625,active,0.0,0.032690679025756904,0.03269067902617154,0.0003351899147394557,0.06709845631737536,0.35520767027063543,49,False,,False,0.26511383978994374,200
4,101,tfim,12,2,0.05,0.01,1.0,-12.289762629989573,0.08738176593531055,active,0.0,0.03237712854159192,0.03237712854200279,0.00031248636082630645,0.07041784757066076,0.3584010389241424,49,False,,False,0.26511383978994374,200
4,102,tfim,12,2,0.05,0.01,1.0,-12.295226994088885,0.08935061517997929,active,0.0,0.03206988557570841,0.03206988557611557,0.0002913228148062158,0.07328274987097089,0.361586360147446,49,False,,False,0.26511383978994374,200
4,103,tfim,12,2,0.05,0.01,1.0,-12.300250202666176,0.08669836081798257,active,0.0,0.03176844044129379,0.03176844044169732,0.0002697677784021549,0.07530977685306474,0.36476708385654094,49,False,,False,0.26511383978994374,200
4,104,tfim,12,2,0.05,0.01,1.0,-12.304711993888562,0.0870989243645538,active,0.0,0.03147292872918909,0.031472928729589046,0.00025105896773977397,0.07643534811035693,0.3679399906847063,49,False,,False,0.26511383978994374,200
4,105,tfim,12,2,0.05,0.01,1.0,-12.308828533697895,0.08509134417895367,active,0.0,0.03118313120006763,0.031183131200464082,0.0002342919236174477,0.07680827296454681,0.37110561360788424,49,False,,False,0.26511383978994374,200
4,106,tfim,12,2,0.05,0.01,1.0,-12.31278416652917,0.08490898373306349,active,0.0,0.030899039544483503,0.030899039544876522,0.0002203252876875016,0.07685953828482664,0.3742622313344049,49,False,,False,0.26511383978994374,200
4,107,tfim,12,2,0.05,0.01,1.0,-12.316725615489592,0.08498209038741539,active,0.0,0.030620400478142018,0.03062040047853166,0.00020826129697733352,0.0769203547600419,0.3774108668982512,49,False,,False,0.26511383978994374,200
4,108,tfim,12,2,0.05,0.01,1.0,-12.320666036525207,0.08508895121213153,active,0.0,0.03034683982579581,0.03034683982618214,0.00019674880903853837,0.0772751940514562,0.3805540841952805,49,False,,False,0.26511383978994374,200
4,109,tfim,12,2,0.05,0.01,1.0,-12.324534038463462,0.0846912280638318,active,0.0,0.030077908192939238,0.0300779081933223,0.00018474123354023913,0.07780106363479845,0.38369556960904755,49,False,,False,0.26511383978994374,200
4,110,tfim,12,2,0.05,0.01,1.0,-12.328247802644844,0.08350499186348952,active,0.0,0.02981320678059582,0.029813206780975644,0.00017162798570291758,0.07833225937672088,0.38683870399422965,49,False,,False,0.26511383978994374,200
4,111,tfim,12,2,0.05,0.01,1.0,-12.33178579069664,0.08384000475865926,active,0.0,0.029552654574458423,0.029552654574835056,0.00015865218223542492,0.07881261784817328,0.38998326943574324,49,False,,False,0.26511383978994374,200
4,112,tfim,12,2,0.05,0.01,1.0,-12.335246027112541,0.08431449689228357,active,0.0,0.02929625646712197,0.029296256467495452,0.00014623963570727054,0.07932463462300879,0.3931280095851929,49,False,,False,0.26511383978994374,200
4,113,tfim,12,2,0.05,0.01,1.0,-12.338707202369765,0.08422077004907494,active,0.0,0.02904408178619139,0.029044081786561773,0.0001345551514479943,0.07983310676656348,0.3962708153640063,49,False,,False,0.26511383978994374,200
4,114,tfim,12,2,0.05,0.01,1.0,-12.34216496608417,0.08239844777264516,active,0.0,0.02879614358646278,0.02879614358683012,0.00012325655103176674,0.08009945925613278,0.3994102010345263,49,False,,False,0.26511383978994374,200
4,115,tfim,12,2,0.05,0.01,1.0,-12.34554125661559,0.08068633770447554,active,0.0,0.028552486771091998,0.028552486771456335,0.00011290248293815089,0.0799874176172276,0.4025442176591218,49,False,,False,0.26511383978994374,200
4,116,tfim,12,2,0.05,0.01,1.0,-12.348817113700362,0.08011762433963246,active,0.0,0.028313073875635125,0.02831307387599653,0.00010402409301584938,0.07961668579250525,0.4056719247249245,49,False,,False,0.26511383978994374,200
4,117,tfim,12,2,0.05,0.01,1.0,-12.352048801560407,0.07996367384159629,active,0.0,0.028077708069665325,0.02807770807002384,9.6305996714835e-05,0.07921010050650304,0.40879450315684035,49,False,,False,0.26511383978994374,200
4,118,tfim,12,2,0.05,0.01,1.0,-12.355260222308633,0.07933419054133221,active,0.0,0.027846114790682403,0.027846114791038063,8.910955019283158e-05,0.07881960577045191,0.41191431115433186,49,False,,False,0.26511383978994374,200
4,119,tfim,12,2,0.05,0.01,1.0,-12.358394389321784,0.0785962907439218,active,0.0,0.02761809855370308,0.02761809855405593,8.235522516113383e-05,0.07839602528309964,0.4150328062752516,49,False,,False,0.26511383978994374,200
4,120,tfim,12,2,0.05,0.01,1.0,-12.361399489253001,0.07840743613772093,active,0.0,0.02739359266110265,0.02739359266145273,7.646629886712373e-05,0.07793781671756947,0.418149771970717,49,False,,False,0.26511383978994374,200
4,121,tfim,12,2,0.05,0.01,1.0,-12.364291559337271,0.07807713693252871,active,0.0,0.027172563575835335,0.027172563576182678,7.14290633457257e-05,0.07747781222221188,0.4212645434187682,49,False,,False,0.26511383978994374,200
4,122,tfim,12,2,0.05,0.01,1.0,-12.367090473492492,0.07727548921703485,active,0.0,0.026954979675323187,0.026954979675667835,6.703921755942786e-05,0.07699552705164489,0.42437642384561547,49,False,,False,0.26511383978994374,200
4,123,tfim,12,2,0.05,0.01,1.0,-12.3697824713178,0.0763510333027945,active,0.0,0.02674079905466689,0.02674079905500888,6.324910180170361e-05,0.07645514228734908,0.42748486140609837,49,False,,False,0.26511383978994374,200
4,124,tfim,12,2,0.05,0.01,1.0,-12.372358050668357,0.07571009935160773,active,0.0,0.02652995368733437,0.026529953687673736,6.011515617509542e-05,0.07587160467074734,0.430589695669389,49,False,,False,0.26511383978994374,200
4,125,tfim,12,2,0.05,0.01,1.0,-12.374842944670235,0.075048282847973,active,0.0,0.02632233026655591,0.026322330266892704,5.7441982177643376e-05,0.07527527091975275,0.4336914746367934,49,False,,False,0.26511383978994374,200
4,126,tfim,12,2,0.05,0.01,1.0,-12.377269620044068,0.07416008588712335,active,0.0,0.026117810193430336,0.02611781019376459,5.4928148386187526e-05,0.07467541224458522,0.43679089432539236,49,False,,False,0.26511383978994374,200
4,127,tfim,12,2,0.05,0.01,1.0,-12.379653354497727,0.07324828765554293,active,0.0,0.025916314824356964,0.025916314824688702,5.240187161277782e-05,0.0740800289462436,0.4398881057428812,49,False,,False,0.26511383978994374,200
4,128,tfim,12,2,0.05,0.01,1.0,-12.382002896986029,0.07250317980817465,active,0.0,0.025717808571825235,0.025717808572154503,4.979106669578193e-05,0.07351855329768579,0.4429826242787816,49,False,,False,0.26511383978994374,200
4,129,tfim,12,2,0.05,0.01,1.0,-12.384330258920695,0.07185464840748741,active,0.0,0.02552227536706263,0.025522275367389467,4.702893675030888e-05,0.07300990032298436,0.4460736582264961,49,False,,False,0.26511383978994374,200
4,130,tfim,12,2,0.05,0.01,1.0,-12.38664115835186,0.07116880925013037,active,0.0,0.02532969823078654,0.025329698231110965,4.4061033003367675e-05,0.07254076608162337,0.44916041753089736,49,False,,False,0.26511383978994374,200
4,131,tfim,12,2,0.05,0.01,1.0,-12.38892991593954,0.07053530098238991,active,0.0,0.025140051544300514,0.025140051544622576,4.0926989619708115e-05,0.07209039112062857,0.4522422416383643,49,False,,False,0.26511383978994374,200
4,132,tfim,12,2,0.05,0.01,1.0,-12.391190194129887,0.07012194303490828,active,0.0,0.024953292573585573,0.024953292573905304,3.77315960818298e-05,0.07166575058833922,0.4553187501352792,49,False,,False,0.26511383978994374,200
4,133,tfim,12,2,0.05,0.01,1.0,-12.393423418368782,0.07001344951222258,active,0.0,0.024769358056710693,0.024769358057028127,3.458727513739725e-05,0.07130132844687974,0.4583899198517835,49,False,,False,0.26511383978994374,200
4,134,tfim,12,2,0.05,0.01,1.0,-12.395636660768046,0.07014877435210794,active,0.0,0.02458817004538638,0.024588170045701557,3.1577072364411846e-05,0.07103073184942288,0.4614560092252877,49,False,,False,0.26511383978994374,200
4,135,tfim,12,2,0.05,0.01,1.0,-12.397836000186846,0.07046093032243363,active,0.0,0.024409652077174698,0.024409652077487642,2.8772931265737212e-05,0.07087119179429285,0.46451729672527087,49,False,,False,0.26511383978994374,200
4,136,tfim,12,2,0.05,0.01,1.0,-12.400025295647161,0.07089623666883957,active,0.0,0.024233740106816865,0.024233740107127606,2.6227631290155467e-05,0.07082643076392872,0.4675738890675417,49,False,,False,0.26511383978994374,200
4,137,tfim,12,2,0.05,0.01,1.0,-12.402206486708227,0.07138884282565088,active,0.0,0.024060380999527804,0.024060380999836383,2.3955172059716135e-05,0.07088986305036331,0.4706257347610297,49,False,,False,0.26511383978994374,200
4,138,tfim,12,2,0.05,0.01,1.0,-12.404377663238161,0.07189503779651618,active,0.0,0.02388952496611388,0.023889524966420314,2.1950444510836805e-05,0.07104345457599644,0.473672748254054,49,False,,False,0.26511383978994374,200
4,139,tfim,12,2,0.05,0.01,1.0,-12.40653330611642,0.07239967254557216,active,0.0,0.023721119451805467,0.023721119452109793,2.0210953803066667e-05,0.07126269970848163,0.4767149179571742,49,False,,False,0.26511383978994374,200
4,140,tfim,12,2,0.05,0.01,1.0,-12.408667973770948,0.07289673284189532,active,0.0,0.02355510859291429,0.023555108593216537,1.87330043307651e-05,0.07152581928109669,0.4797523202040535,49,False,,False,0.26511383978994374,200
4,141,tfim,12,2,0.05,0.01,1.0,-12.410778424808894,0.07336100608757545,active,0.0,0.02339143651663367,0.023391436516933872,1.7492822319015823e-05,0.07181685526598303,0.48278506235089963,49,False,,False,0.26511383978994374,200
4,142,tfim,12,2,0.05,0.01,1.0,-12.412861458011426,0.07375578879807541,active,0.0,0.023230051870166597,0.02323005187046477,1.6451362500966983e-05,0.07211975245387686,0.48581319806667267,49,False,,False,0.26511383978994374,200
4,143,tfim,12,2,0.05,0.01,1.0,-12.414911756570486,0.0740345816531133,active,0.0,0.023070909858325717,0.023070909858621893,1.557359915372652e-05,0.07241057620160224,0.48883668383971784,49,False,,False,0.26511383978994374,200
4,144,tfim,12,2,0.05,0.01,1.0,-12.416922015811645,0.0741535146775052,active,0.0,0.022913970615274892,0.02291397061556909,1.4841927829978667e-05,0.0726574313844761,0.4918554034546831,49,False,,False,0.26511383978994374,200
4,145,tfim,12,2,0.05,0.01,1.0,-12.418884210046576,0.07409547284759176,active,0.0,0.02275919519464252,0.022759195194934773,1.4255844456389524e-05,0.07282910531904292,0.4948692413398092,49,False,,False,0.26511383978994374,200
4,146,tfim,12,2,0.05,0.01,1.0,-12.420791010140922,0.07387681420797268,active,0.0,0.02260654123962723,0.022606541239917562,1.3821510571682281e-05,0.07290492664087475,0.49787816792442324,49,False,,False,0.26511383978994374,200
4,147,tfim,12,2,0.05,0.01,1.0,-12.422637017168292,0.0735258243406498,active,0.0,0.02245596008287709,0.022455960083165537,1.3539653972806959e-05,0.07287748775828105,0.5008823025154142,49,False,,False,0.26511383978994374,200
4,148,tfim,12,2,0.05,0.01,1.0,-12.42441914280993,0.07306248532929994,active,0.0,0.02230739691102816,0.02230739691131473,1.3399474236060318e-05,0.07274838384785323,0.5038819181684603,49,False,,False,0.26511383978994374,200
4,149,tfim,12,2,0.05,0.01,1.0,-12.426136047726164,0.07251341140567082,active,0.0,0.022160795136680077,0.0221607951369648,1.3384137616566017e-05,0.0725246550132331,0.5068773599361482,49,False,,False,0.26511383978994374,200
4,150,tfim,12,2,0.05,0.01,1.0,-12.427787903187307,0.07192685258231314,active,0.0,0.022016102724146808,0.02201610272442972,1.3476946789776502e-05,0.07221984576569705,0.5098689161967006,49,False,,False,0.26511383978994374,200
4,151,tfim,12,2,0.05,0.01,1.0,-12.42937688821709,0.0713595118494472,active,0.0,0.02187327636255629,0.021873276362837406,1.3659565490817629e-05,0.0718554874379933,0.5128567260272585,49,False,,False,0.26511383978994374,200
4,152,tfim,12,2,0.05,0.01,1.0,-12.430907564140783,0.07085043473150233,active,0.0,0.021732281333360515,0.021732281333639848,1.390698957537358e-05,0.07145809726515404,0.5158407720031444,49,False,,False,0.26511383978994374,200
4,153,tfim,12,2,0.05,0.01,1.0,-12.432386436669931,0.070410263340501,active,0.0,0.02159308814500667,0.021593088145284257,1.4186977441757452e-05,0.07105291873197075,0.5188209426585396,49,False,,False,0.26511383978994374,200
4,154,tfim,12,2,0.05,0.01,1.0,-12.43382102895027,0.07002711706011608,active,0.0,0.021455668301839637,0.021455668302115496,1.446310602921976e-05,0.07065866610683559,0.5217971186613604,49,False,,False,0.26511383978994374,200
4,155,tfim,12,2,0.05,0.01,1.0,-12.435219039251256,0.06967323217121608,active,0.0,0.02131999105970744,0.021319991059981586,1.4696122747137237e-05,0.0702850511516211,0.5247692434789024,49,False,,False,0.26511383978994374,200
4,156,tfim,12,2,0.05,0.01,1.0,-12.436587716579558,0.06931185634207357,active,0.0,0.02118602218805603,0.021186022188328487,1.4844826128112258e-05,0.06993246458543793,0.5277373541835106,49,False,,False,0.26511383978994374,200
4,157,tfim,12,2,0.05,0.01,1.0,-12.437933402638627,0.06890817839766313,active,0.0,0.021053724633143686,0.021053724633414473,1.4870226496008999e-05,0.06959338064058439,0.5307015713199206,49,False,,False,0.26511383978994374,200
4,158,tfim,12,2,0.05,0.01,1.0,-12.439261215050761,0.06844123466379873,active,0.0,0.020923060140896153,0.0209230601411653,1.4742504115823464e-05,0.06925554303968294,0.533662065957817,49,False,,False,0.26511383978994374,200
4,159,tfim,12,2,0.05,0.01,1.0,-12.440574867957375,0.06791044108204031,active,0.0,0.020793990939509423,0.020793990939776946,1.444700619846412e-05,0.06890619451000779,0.5366190229451381,49,False,,False,0.26511383978994374,200
4,160,tfim,12,2,0.05,0.01,1.0,-12.441876685921791,0.06733363171228625,active,0.0,0.02066648106133075,0.020666481061596662,1.3986388732580237e-05,0.06853584863647316,0.5395726100125472,49,False,,False,0.26511383978994374,200
4,161,tfim,12,2,0.05,0.01,1.0,-12.44316791068216,0.0667386554303478,active,0.0,0.020540497222514147,0.02054049722277847,1.337866822808758e-05,0.06814037036484674,0.5425229552545494,49,False,,False,0.26511383978994374,200
4,162,tfim,12,2,0.05,0.01,1.0,-12.444449235866571,0.0661541483895448,active,0.0,0.020416009343508124,0.020416009343770882,1.2652797598939347e-05,0.06772120484462597,0.5454701317734363,49,False,,False,0.26511383978994374,200
4,163,tfim,12,2,0.05,0.01,1.0,-12.445721323424117,0.06560484910471708,active,0.0,0.020292990807983694,0.0202929908082449,1.1843871876860487e-05,0.06728453003451956,0.5484141477645076,49,False,,False,0.26511383978994374,200
4,164,tfim,12,2,0.05,0.01,1.0,-12.446985132320117,0.06511121485047529,active,0.0,0.020171418366355238,0.020171418366614905,1.0988937596916478e-05,0.06684015167617839,0.551354944786465,49,False,,False,0.26511383978994374,200
4,165,tfim,12,2,0.05,0.01,1.0,-12.448242068025792,0.06468976553082006,active,0.0,0.020051271500279605,0.02005127150053776,1.012324652909872e-05,0.06640041811358396,0.5542924093709748,49,False,,False,0.26511383978994374,200
4,166,tfim,12,2,0.05,0.01,1.0,-12.449493990312227,0.06435273546678129,active,0.0,0.019932531300039167,0.01993253130029582,9.277023816798813e-06,0.0659790687862663,0.5572263976697174,49,False,,False,0.26511383978994374,200
4,167,tfim,12,2,0.05,0.01,1.0,-12.450743092509471,0.06410761801888745,active,0.0,0.019815179216721084,0.019815179216976255,8.473298048586954e-06,0.06558998052584418,0.5601567649630016,49,False,,False,0.26511383978994374,200
4,168,tfim,12,2,0.05,0.01,1.0,-12.45199169384593,0.06395716023691714,active,0.0,0.0196991961577991,0.019699196158052806,7.72721547967927e-06,0.06524591840247475,0.563083388400079,49,False,,False,0.26511383978994374,200
4,169,tfim,12,2,0.05,0.01,1.0,-12.453242024309544,0.06389976142901838,active,0.0,0.019584562230744628,0.01958456223099688,7.046724200266836e-06,0.0649574462058679,0.5660061745567642,49,False,,False,0.26511383978994374,200
4,170,tfim,12,2,0.05,0.01,1.0,-12.454496076190885,0.06393025647530848,active,0.0,0.019471257093712013,0.01947125709396284,6.4341992402404014e-06,0.06473214256614192,0.5689250516878602,49,False,,False,0.26511383978994374,200
4,171,tfim,12,2,0.05,0.01,1.0,-12.455755563376174,0.06404061086613617,active,0.0,0.019359260538182908,0.019359260538432316,5.888384509896617e-06,0.0645742000371172,0.5718399553619666,49,False,,False,0.26511383978994374,200
4,172,tfim,12,2,0.05,0.01,1.0,-12.457021979528045,0.0642200140592938,active,0.0,0.019248552847539024,0.019248552847787027,5.40598388252154e-06,0.06448437421015722,0.5747508190889768,49,False,,False,0.26511383978994374,200
4,173,tfim,12,2,0.05,0.01,1.0,-12.458296699183583,0.06445484616024826,active,0.0,0.019139114701456964,0.01913911470170359,4.982588743801464e-06,0.06446019470334412,0.5776575764910769,49,False,,False,0.26511383978994374,200
4,174,tfim,12,2,0.05,0.01,1.0,-12.45958106013761,0.06472922524836848,active,0.0,0.01903092672381566,0.019030926724060915,4.613035891810561e-06,0.06449636883307013,0.5805601732308692,49,False,,False,0.26511383978994374,200
4,175,tfim,12,2,0.05,0.01,1.0,-12.460876394884295,0.06502622022617029,active,0.0,0.0189239689775602,0.0189239689778041,4.291466980770937e-06,0.0645853326079804,0.5834585811082085,49,False,,False,0.26511383978994374,200
4,176,tfim,12,2,0.05,0.01,1.0,-12.462184008809146,0.06532944301026253,active,0.0,0.01881822070502004,0.0188182207052626,4.01139025635474e-06,0.06471790948283584,0.5863528062252622,49,False,,False,0.26511383978994374,200
4,177,tfim,12,2,0.05,0.01,1.0,-12.463505119129527,0.06562482293019982,active,0.0,0.018713660445536115,0.018713660445777356,3.766026621034135e-06,0.0648840505295055,0.5892428871002834,49,False,,False,0.26511383978994374,200
4,178,tfim,12,2,0.05,0.01,1.0,-12.464840781113699,0.06590223104441653,active,0.0,0.018610266459640243,0.01861026645988017,3.54902881853754e-06,0.065073636738582,0.5921288839994497,49,False,,False,0.26511383978994374,200
4,179,tfim,12,2,0.05,0.01,1.0,-12.466191832901082,0.06615638347382734,active,0.0,0.018508017267643572,0.018508017267882204,3.3553364321684375e-06,0.06527729164382921,0.5950108643391715,49,False,,False,0.26511383978994374,200
4,180,tfim,12,2,0.05,0.01,1.0,-12.467558877591758,0.0663866267700485,active,0.0,0.018406892108027744,0.01840689210826509,3.1817762733172795e-06,0.06548708526098403,0.5978888894958271,49,False,,False,0.26511383978994374,200
4,181,tfim,12,2,0.05,0.01,1.0,-12.468942298640057,0.0665956648936049,active,0.0,0.01830687119913943,0.018306871199375515,3.0271579166050854e-06,0.06569696947648139,0.6007630065307217,49,False,,False,0.26511383978994374,200
4,182,tfim,12,2,0.05,0.01,1.0,-12.470342288485563,0.06678769935708018,active,0.0,0.018207935785990146,0.018207935786224972,2.891884203563909e-06,0.06590283249349199,0.6036332457324743,49,False,,False,0.26511383978994374,200
4,183,tfim,12,2,0.05,0.01,1.0,-12.471758868085674,0.06696661437619565,active,0.0,0.018110068025612297,0.018110068025845884,2.777299761362335e-06,0.06610217930903578,0.6064996228162419,49,False,,False,0.26511383978994374,200
4,184,tfim,12,2,0.05,0.01,1.0,-12.473191885208907,0.06713464992906201,active,0.0,0.018013250788901928,0.01801325078913429,2.6850476507774856e-06,0.06629355382782129,0.6093621437786637,49,False,,False,0.26511383978994374,200
4,185,tfim,12,2,0.05,0.01,1.0,-12.474640994593356,0.06729168450767337,active,0.0,0.017917467442785155,0.017917467443016297,2.616621713384108e-06,0.06647586318691961,0.6122208106600926,49,False,,False,0.26511383978994374,200
4,186,tfim,12,2,0.05,0.01,1.0,-12.47610563308153,0.06743508022009921,active,0.0,0.01782270164933886,0.0178227016495688,2.5731731950663397e-06,0.06664775910180484,0.6150756271481054,49,False,,False,0.26511383978994374,200
4,187,tfim,12,2,0.05,0.01,1.0,-12.477585002774244,0.06756000214498231,active,0.0,0.017728937201259152,0.0177289372014879,2.5555276619933073e-06,0.06680719468479356,0.6179266034008662,49,False,,False,0.26511383978994374,200
4,188,tfim,12,2,0.05,0.01,1.0,-12.479078068736127,0.06766006646180604,active,0.0,0.017636157910207294,0.017636157910434862,2.5643165384913234e-06,0.06695121526920604,0.6207737595129398,49,False,,False,0.26511383978994374,200
4,189,tfim,12,2,0.05,0.01,1.0,-12.480583570031373,0.06772815271549554,active,0.0,0.017544347562647594,0.017544347562873996,2.600131228656111e-06,0.06707597980588326,0.6236171270673228,49,False,,False,0.26511383978994374,200
4,190,tfim,12,2,0.05,0.01,1.0,-12.482100037894316,0.06775726742266036,active,0.0,0.017453489945378976,0.017453489945604226,2.663652095386034e-06,0.06717696955803075,0.6264567485725976,49,False,,False,0.26511383978994374,200
4,191,tfim,12,2,0.05,0.01,1.0,-12.483625815485654,0.06774137667374386,active,0.0,0.01736356892521977,0.017363568925443877,2.7557487053584484e-06,0.06724932539065599,0.6292926751394458,49,False,,False,0.26511383978994374,200
4,192,tfim,12,2,0.05,0.01,1.0,-12.485159079054624,0.06767612650482992,active,0.0,0.017274568556742937,0.01727456855696591,2.8775598594103578e-06,0.06728825659698771,0.6321249631221519,49,False,,False,0.26511383978994374,200
4,193,tfim,12,2,0.05,0.01,1.0,-12.486697865760542,0.06755939907446439,active,0.0,0.017186473193970372,0.01718647319419223,3.0305457727243386e-06,0.06728947720647464,0.6349536704443517,49,False,,False,0.26511383978994374,200
4,194,tfim,12,2,0.05,0.01,1.0,-12.488240114625444,0.06739169152882765,active,0.0,0.017099267593312224,0.017099267593532967,3.216485856596642e-06,0.06724963869561015,0.6377788530127622,49,False,,False,0.26511383978994374,200
4,195,tfim,12,2,0.05,0.01,1.0,-12.489783723717673,0.06717631277838203,active,0.0,0.017012937006720744,0.017012937006940388,3.4373934803155943e-06,0.06716673083059166,0.6406005612683158,49,False,,False,0.26511383978994374,200
4,196,tfim,12,2,0.05,0.01,1.0,-12.491326621594014,0.06691938675778629,active,0.0,0.016927467265914993,0.01692746726613355,3.6953375054193122e-06,0.06704041771288008,0.6434188368642291,49,False,,False,0.26511383978994374,200
4,197,tfim,12,2,0.05,0.01,1.0,-12.492866847702608,0.06662963694460874,active,0.0,0.016842844849800868,0.016842844850018347,3.992186315889929e-06,0.06687227115660709,0.646233709750529,49,False,,False,0.26511383978994374,200
4,198,tfim,12,2,0.05,0.01,1.0,-12.494402636299345,0.0663179183291232,active,0.0,0.016759056919143114,0.016759056919359524,4.3293065381178545e-06,0.06666586400774976,0.6490451962350382,49,False,,False,0.26511383978994374,200
4,199,tfim,12,2,0.05,0.01,1.0,-12.495932500128964,0.06599650912623152,active,0.0,0.016676091305868734,0.016676091306084082,4.707249947795565e-06,0.06642670050025852,0.6518532985155949,49,False,,False,0.26511383978994374,200
4,200,tfim,12,2,0.05,0.01,1.0,-12.497455311234122,0.06567827076585711,active,0.0,0.016593936458133385,0.016593936458347693,5.125452712787257e-06,0.06616199200469414,0.6546580057372299,49,False,,False,0.26511383978994374,200
